path,type,bytes
results\CLIP实验结果\C0_continue_L0\config_target_epoch_050.json,json,1906
results\CLIP实验结果\C0_continue_L0\final_metrics.json,json,764
results\CLIP实验结果\C0_continue_L0\run_summary_epoch_050.json,json,171
results\CLIP实验结果\C0_continue_L0\samples_epoch_050_final.png,png,613633
results\CLIP实验结果\C0_continue_L0\training_log.csv,csv,8855
results\CLIP实验结果\C1_clip_L001\config_target_epoch_050.json,json,1903
results\CLIP实验结果\C1_clip_L001\metrics_epoch_050.json,json,765
results\CLIP实验结果\C1_clip_L001\run_summary_epoch_050.json,json,169
results\CLIP实验结果\C1_clip_L001\samples_epoch_050_final.png,png,613549
results\CLIP实验结果\C1_clip_L001\training_log.csv,csv,12188
results\CLIP实验结果\C2_clip_L0025\config_target_epoch_050.json,json,1906
results\CLIP实验结果\C2_clip_L0025\metrics_epoch_050.json,json,763
results\CLIP实验结果\C2_clip_L0025\run_summary_epoch_050.json,json,169
results\CLIP实验结果\C2_clip_L0025\samples_epoch_050_final.png,png,613374
results\CLIP实验结果\C2_clip_L0025\training_log.csv,csv,12316
results\CLIP实验结果\C3_clip_L005\config_target_epoch_050.json,json,1903
results\CLIP实验结果\C3_clip_L005\final_metrics.json,json,767
results\CLIP实验结果\C3_clip_L005\run_summary_epoch_050.json,json,169
results\CLIP实验结果\C3_clip_L005\samples_epoch_050_final.png,png,613742
results\CLIP实验结果\C3_clip_L005\training_log.csv,csv,12181
results\CLIP实验结果\C4_clip_L010\config_target_epoch_050.json,json,1876
results\CLIP实验结果\C4_clip_L010\final_metrics.json,json,759
results\CLIP实验结果\C4_clip_L010\run_summary_epoch_050.json,json,169
results\CLIP实验结果\C4_clip_L010\samples_epoch_050_final.png,png,613652
results\CLIP实验结果\C4_clip_L010\training_log.csv,csv,12062
results\CLIP实验结果\E0_exp11_formal_eval\config_eval_only.json,json,1917
results\CLIP实验结果\E0_exp11_formal_eval\final_metrics.json,json,763
results\CLIP实验结果\E0_exp11_formal_eval\run_summary_eval_only.json,json,178
results\CLIP实验结果\E0_exp11_formal_eval\samples_final.png,png,602077
results\CLIP实验结果\E0_exp11_formal_eval\selected_images.txt,txt,1319618
results\CLIP实验结果\README_结果放置说明.md,md,1358
results\Deployment_Optimization_Results\01_ONNX_Fusion\01A_Export\custom_operator_probe.csv,csv,366
results\Deployment_Optimization_Results\01_ONNX_Fusion\01A_Export\export_sample_grid (1).png,png,603236
results\Deployment_Optimization_Results\01_ONNX_Fusion\01A_Export\generator_fp32_raw (1).onnx,onnx,31114712
results\Deployment_Optimization_Results\01_ONNX_Fusion\01A_Export\onnx_check (1).json,json,740
results\Deployment_Optimization_Results\01_ONNX_Fusion\01A_Export\operator_inventory_raw (1).csv,csv,70
results\Deployment_Optimization_Results\01_ONNX_Fusion\01B_ORT_Optimize\fusion_check (1).json,json,1890
results\Deployment_Optimization_Results\01_ONNX_Fusion\01B_ORT_Optimize\fusion_latency_summary.csv,csv,388
results\Deployment_Optimization_Results\01_ONNX_Fusion\01B_ORT_Optimize\operator_inventory_fused_ort.csv,csv,70
results\Deployment_Optimization_Results\01_ONNX_Fusion\01B_ORT_Optimize\operator_inventory_raw_ort.csv,csv,70
results\Deployment_Optimization_Results\01_ONNX_Fusion\01B_ORT_Optimize\operator_latency_fused (1).csv,csv,262
results\Deployment_Optimization_Results\01_ONNX_Fusion\01B_ORT_Optimize\operator_latency_raw (1).csv,csv,229
results\Deployment_Optimization_Results\01_ONNX_Fusion\01B_ORT_Optimize\ort_profile_fused.json,json,1586946
results\Deployment_Optimization_Results\01_ONNX_Fusion\01B_ORT_Optimize\ort_profile_raw.json,json,1587103
results\Deployment_Optimization_Results\01_ONNX_Fusion\01B_ORT_Optimize\ort_sample_fused (1).png,png,8406
results\Deployment_Optimization_Results\01_ONNX_Fusion\01B_ORT_Optimize\ort_sample_raw (1).png,png,8406
results\Deployment_Optimization_Results\01_ONNX_Fusion\01C_BN_Fold\manual_bn_fusion_check.json,json,3079
results\Deployment_Optimization_Results\01_ONNX_Fusion\01C_BN_Fold\manual_bn_latency_summary.csv,csv,1311
results\Deployment_Optimization_Results\01_ONNX_Fusion\01C_BN_Fold\numerical_equivalence.csv,csv,238
results\Deployment_Optimization_Results\01_ONNX_Fusion\01C_BN_Fold\operator_inventory_manual_fused.csv,csv,48
results\Deployment_Optimization_Results\01_ONNX_Fusion\01C_BN_Fold\operator_inventory_raw (2).csv,csv,70
results\Deployment_Optimization_Results\01_ONNX_Fusion\01C_BN_Fold\operator_latency_manual_bn_fused.csv,csv,193
results\Deployment_Optimization_Results\01_ONNX_Fusion\01C_BN_Fold\operator_latency_raw (2).csv,csv,241
results\Deployment_Optimization_Results\01_ONNX_Fusion\01C_BN_Fold\ort_profile_manual_bn_fused.json,json,1116009
results\Deployment_Optimization_Results\01_ONNX_Fusion\01C_BN_Fold\ort_profile_raw (1).json,json,1586575
results\Deployment_Optimization_Results\01_ONNX_Fusion\01C_BN_Fold\sample_manual_bn_fused.png,png,8411
results\Deployment_Optimization_Results\01_ONNX_Fusion\01C_BN_Fold\sample_raw.png,png,8406
results\Deployment_Optimization_Results\01_ONNX_Fusion\01D_TRT\operator_block_fusion_benchmark.csv,csv,6134
results\Deployment_Optimization_Results\01_ONNX_Fusion\01D_TRT\trt_fusion_benchmark.csv,csv,847
results\Deployment_Optimization_Results\01_ONNX_Fusion\01D_TRT\trt_fusion_layer_profile.csv,csv,10913
results\Deployment_Optimization_Results\01_ONNX_Fusion\01D_TRT\trt_fusion_manifest.json,json,1894
results\Deployment_Optimization_Results\01_ONNX_Fusion\01E_Model_Variant_Optional\README.md,md,433
results\Deployment_Optimization_Results\02_Engine_Benchmark\02A_ORT\generator_fp16_internal.onnx,onnx,15560283
results\Deployment_Optimization_Results\02_Engine_Benchmark\02A_ORT\ort_benchmark.csv,csv,1794
results\Deployment_Optimization_Results\02_Engine_Benchmark\02A_ORT\ort_operator_summary.csv,csv,9724
results\Deployment_Optimization_Results\02_Engine_Benchmark\02B_TensorRT\generator_trt_fp16.engine,engine,15709780
results\Deployment_Optimization_Results\02_Engine_Benchmark\02B_TensorRT\generator_trt_fp32.engine,engine,31175956
results\Deployment_Optimization_Results\02_Engine_Benchmark\02B_TensorRT\tensorrt_benchmark.csv,csv,2528
results\Deployment_Optimization_Results\02_Engine_Benchmark\02B_TensorRT\tensorrt_layer_profile.csv,csv,10192
results\Deployment_Optimization_Results\02_Engine_Benchmark\02C_OpenVINO\openvino_benchmark.csv,csv,1527
results\Deployment_Optimization_Results\02_Engine_Benchmark\02C_OpenVINO\openvino_operator_profile.csv,csv,9873
results\Deployment_Optimization_Results\02_Engine_Benchmark\02D_Torch_Reference\torch_operator_summary.csv,csv,3342
results\Deployment_Optimization_Results\02_Engine_Benchmark\02D_Torch_Reference\torch_trace.json,json,1512271
results\Deployment_Optimization_Results\02_Engine_Benchmark\02E_Report\task2_engine_comparison.csv,csv,9503
results\Deployment_Optimization_Results\02_Engine_Benchmark\02E_Report\task2_fp32_fp16_engine_curves.png,png,106364
results\Deployment_Optimization_Results\02_Engine_Benchmark\02E_Report\task2_manifest.json,json,5544
results\Deployment_Optimization_Results\02_Engine_Benchmark\02E_Report\task2_operator_evidence.csv,csv,24571
results\Deployment_Optimization_Results\02_Engine_Benchmark\02E_Report\task2_report.md,md,6980
results\Deployment_Optimization_Results\02_Engine_Benchmark\02E_Report\task2_top3_operators.csv,csv,1603
results\Deployment_Optimization_Results\02_Engine_Benchmark\02F_Layer_Profile\layer_operator_summary.csv,csv,1708
results\Deployment_Optimization_Results\02_Engine_Benchmark\02F_Layer_Profile\layer_profiler_trace.json,json,1626559
results\Deployment_Optimization_Results\02_Engine_Benchmark\Task2_02E_Report.zip,zip,9867
results\Deployment_Optimization_Results\03_Quantization\03A_Protocol\Task3_03A_Quantization_Protocol.zip,zip,51788889
results\Deployment_Optimization_Results\03_Quantization\03B_FP32_FP16\fp32_fp16_build_manifest (1).json,json,814
results\Deployment_Optimization_Results\03_Quantization\03B_FP32_FP16\generator_trt_fp16.engine,engine,15711196
results\Deployment_Optimization_Results\03_Quantization\03B_FP32_FP16\generator_trt_fp32.engine,engine,31175948
results\Deployment_Optimization_Results\03_Quantization\03C_INT8_PTQ\generator_trt_int8 (1).engine,engine,8014772
results\Deployment_Optimization_Results\03_Quantization\03C_INT8_PTQ\int8_build_manifest (1).json,json,1936
results\Deployment_Optimization_Results\03_Quantization\03D_Evaluation\evaluation_manifest (1).json,json,3153
results\Deployment_Optimization_Results\03_Quantization\03D_Evaluation\feature_manifest (1).csv,csv,123
results\Deployment_Optimization_Results\03_Quantization\03D_Evaluation\fp32_fp16_int8_metrics (1).csv,csv,1034
results\Deployment_Optimization_Results\03_Quantization\03D_Evaluation\frequency_band_error.csv,csv,884
results\Deployment_Optimization_Results\03_Quantization\03D_Evaluation\quality_contact_sheet (1).png,png,1822068
results\Deployment_Optimization_Results\03_Quantization\03D_Evaluation\quantization_error (1).csv,csv,210
results\Deployment_Optimization_Results\03_Quantization\03E_Report\evaluation_manifest.json,json,3153
results\Deployment_Optimization_Results\03_Quantization\03E_Report\feature_manifest.csv,csv,123
results\Deployment_Optimization_Results\03_Quantization\03E_Report\fp32_fp16_int8_metrics.csv,csv,1034
results\Deployment_Optimization_Results\03_Quantization\03E_Report\frequency_band_error.csv,csv,884
results\Deployment_Optimization_Results\03_Quantization\03E_Report\quality_contact_sheet.png,png,1822068
results\Deployment_Optimization_Results\03_Quantization\03E_Report\quantization_error.csv,csv,210
results\Deployment_Optimization_Results\03_Quantization\03E_Report\task3_fp32_fp16_int8_metric_curves.png,png,70677
results\Deployment_Optimization_Results\03_Quantization\03E_Report\task3_manifest.json,json,1699
results\Deployment_Optimization_Results\03_Quantization\03E_Report\task3_quality_performance.svg,svg,2860
results\Deployment_Optimization_Results\03_Quantization\03E_Report\task3_quantization_error.svg,svg,1650
results\Deployment_Optimization_Results\03_Quantization\03E_Report\task3_quantization_report.md,md,6495
results\Deployment_Optimization_Results\03_Quantization\Task3_03E_Quantization_Report.zip,zip,1831547
results\Deployment_Optimization_Results\04_Quantization_Sensitivity\04A\layer_index_precision_loss.png,png,67778
results\Deployment_Optimization_Results\04_Quantization_Sensitivity\04A\layer_sensitivity_manifest.json,json,1636
results\Deployment_Optimization_Results\04_Quantization_Sensitivity\04A\layer_sensitivity_summary.csv,csv,2338
results\Deployment_Optimization_Results\04_Quantization_Sensitivity\04B\mixed_precision_manifest.json,json,2715
results\Deployment_Optimization_Results\04_Quantization_Sensitivity\04B\mixed_precision_summary.csv,csv,2941
results\Deployment_Optimization_Results\04_Quantization_Sensitivity\04B\mixed_precision_summary.png,png,207835
results\Deployment_Optimization_Results\04_Quantization_Sensitivity\04C\final_confirmation_manifest.json,json,1248
results\Deployment_Optimization_Results\04_Quantization_Sensitivity\04C\final_confirmation_summary.csv,csv,1091
results\Deployment_Optimization_Results\04_Quantization_Sensitivity\04C\final_confirmation_summary.png,png,70027
results\Deployment_Optimization_Results\04_Quantization_Sensitivity\04C\generator_trt_mixed_precision_final.engine,engine,9912052
results\Deployment_Optimization_Results\05_QAT\05A\qat_manifest (3).json,json,4177
results\Deployment_Optimization_Results\05_QAT\05A\qat_training_curves (2).png,png,109587
results\Deployment_Optimization_Results\05_QAT\05A\qat_training_log (3).csv,csv,2485
results\Deployment_Optimization_Results\05_QAT\05B\generator_trt_qat_int8 (1).engine,engine,9570452
results\Deployment_Optimization_Results\05_QAT\05B\qat_dynamic_benchmark (3).csv,csv,2880
results\Deployment_Optimization_Results\05_QAT\05B\qat_evaluation_manifest (3).json,json,26146
results\Deployment_Optimization_Results\05_QAT\05B\qat_evaluation_manifest_revised_acceptance.json,json,2360
results\Deployment_Optimization_Results\05_QAT\05B\qat_quality_speed_curves (2).png,png,100401
results\Deployment_Optimization_Results\05_QAT\05B\qat_runtime_preflight (2).json,json,1150
results\Deployment_Optimization_Results\05_QAT\05B\qat_visual_comparison (3).png,png,371006
results\Deployment_Optimization_Results\05_QAT\05B\qat_vs_ptq_summary (3).csv,csv,1636
results\Deployment_Optimization_Results\05_QAT\README.md,md,1463
results\Deployment_Optimization_Results\06_Service_Stress\06A\06A_http_validation_success.log,log,347
results\Deployment_Optimization_Results\06_Service_Stress\06A\06A_validation_summary.json,json,722
results\Deployment_Optimization_Results\06_Service_Stress\06A\health_response.json,json,2198
results\Deployment_Optimization_Results\06_Service_Stress\06A\http_smoke_test (1).csv,csv,792
results\Deployment_Optimization_Results\06_Service_Stress\06A\service_manifest (2).json,json,2178
results\Deployment_Optimization_Results\06_Service_Stress\06A\service_smoke_test (2).csv,csv,1088
results\Deployment_Optimization_Results\06_Service_Stress\06BC\Run_20260819_014504.zip,zip,42825
results\Deployment_Optimization_Results\06_Service_Stress\06C\Run_Soak_20260819_022238.zip,zip,90364
results\Deployment_Optimization_Results\06_Service_Stress\06D\06D_final_audit.md,md,6751
results\Deployment_Optimization_Results\06_Service_Stress\06D\figures\task1_layer_index_precision_loss.png,png,67778
results\Deployment_Optimization_Results\06_Service_Stress\06D\figures\task1_mixed_precision_final_confirmation.png,png,70027
results\Deployment_Optimization_Results\06_Service_Stress\06D\figures\task2_qat_quality_speed_curves.png,png,100401
results\Deployment_Optimization_Results\06_Service_Stress\06D\figures\task2_qat_training_curves.png,png,109587
results\Deployment_Optimization_Results\06_Service_Stress\06D\figures\task2_visual_comparison.png,png,371006
results\Deployment_Optimization_Results\06_Service_Stress\06D\figures\task3_concurrency_p99_memory_3d.html,html,1676
results\Deployment_Optimization_Results\06_Service_Stress\06D\figures\task3_concurrency_p99_memory_3d.svg,svg,2743
results\Deployment_Optimization_Results\06_Service_Stress\06D\figures\task3_soak_monitor_summary.svg,svg,1863
results\Deployment_Optimization_Results\06_Service_Stress\06D\overall_audit.csv,csv,1843
results\Deployment_Optimization_Results\06_Service_Stress\06D\README.md,md,776
results\Deployment_Optimization_Results\06_Service_Stress\06D\report_manifest.json,json,1520
results\Deployment_Optimization_Results\06_Service_Stress\06D\source\06BC\run_manifest.json,json,23875
results\Deployment_Optimization_Results\06_Service_Stress\06D\source\06BC\stage_01_u0001.locust.log,log,2304
results\Deployment_Optimization_Results\06_Service_Stress\06D\source\06BC\stage_01_u0001_exceptions.csv,csv,31
results\Deployment_Optimization_Results\06_Service_Stress\06D\source\06BC\stage_01_u0001_failures.csv,csv,52
results\Deployment_Optimization_Results\06_Service_Stress\06D\source\06BC\stage_01_u0001_stats.csv,csv,501
results\Deployment_Optimization_Results\06_Service_Stress\06D\source\06BC\stage_01_u0001_stats_history.csv,csv,9348
results\Deployment_Optimization_Results\06_Service_Stress\06D\source\06BC\stage_02_u0002.locust.log,log,2304
results\Deployment_Optimization_Results\06_Service_Stress\06D\source\06BC\stage_02_u0002_exceptions.csv,csv,31
results\Deployment_Optimization_Results\06_Service_Stress\06D\source\06BC\stage_02_u0002_failures.csv,csv,52
results\Deployment_Optimization_Results\06_Service_Stress\06D\source\06BC\stage_02_u0002_stats.csv,csv,501
results\Deployment_Optimization_Results\06_Service_Stress\06D\source\06BC\stage_02_u0002_stats_history.csv,csv,9442
results\Deployment_Optimization_Results\06_Service_Stress\06D\source\06BC\stage_03_u0004.locust.log,log,2304
results\Deployment_Optimization_Results\06_Service_Stress\06D\source\06BC\stage_03_u0004_exceptions.csv,csv,31
results\Deployment_Optimization_Results\06_Service_Stress\06D\source\06BC\stage_03_u0004_failures.csv,csv,52
results\Deployment_Optimization_Results\06_Service_Stress\06D\source\06BC\stage_03_u0004_stats.csv,csv,523
results\Deployment_Optimization_Results\06_Service_Stress\06D\source\06BC\stage_03_u0004_stats_history.csv,csv,9942
results\Deployment_Optimization_Results\06_Service_Stress\06D\source\06BC\stage_04_u0008.locust.log,log,2304
results\Deployment_Optimization_Results\06_Service_Stress\06D\source\06BC\stage_04_u0008_exceptions.csv,csv,31
results\Deployment_Optimization_Results\06_Service_Stress\06D\source\06BC\stage_04_u0008_failures.csv,csv,52
results\Deployment_Optimization_Results\06_Service_Stress\06D\source\06BC\stage_04_u0008_stats.csv,csv,521
results\Deployment_Optimization_Results\06_Service_Stress\06D\source\06BC\stage_04_u0008_stats_history.csv,csv,9980
results\Deployment_Optimization_Results\06_Service_Stress\06D\source\06BC\stage_05_u0016.locust.log,log,2307
results\Deployment_Optimization_Results\06_Service_Stress\06D\source\06BC\stage_05_u0016_exceptions.csv,csv,31
results\Deployment_Optimization_Results\06_Service_Stress\06D\source\06BC\stage_05_u0016_failures.csv,csv,52
results\Deployment_Optimization_Results\06_Service_Stress\06D\source\06BC\stage_05_u0016_stats.csv,csv,529
results\Deployment_Optimization_Results\06_Service_Stress\06D\source\06BC\stage_05_u0016_stats_history.csv,csv,10070
results\Deployment_Optimization_Results\06_Service_Stress\06D\source\06BC\stage_06_u0032.locust.log,log,2307
results\Deployment_Optimization_Results\06_Service_Stress\06D\source\06BC\stage_06_u0032_exceptions.csv,csv,31
results\Deployment_Optimization_Results\06_Service_Stress\06D\source\06BC\stage_06_u0032_failures.csv,csv,52
results\Deployment_Optimization_Results\06_Service_Stress\06D\source\06BC\stage_06_u0032_stats.csv,csv,541
results\Deployment_Optimization_Results\06_Service_Stress\06D\source\06BC\stage_06_u0032_stats_history.csv,csv,10426
results\Deployment_Optimization_Results\06_Service_Stress\06D\source\06BC\stage_07_u0048.locust.log,log,2307
results\Deployment_Optimization_Results\06_Service_Stress\06D\source\06BC\stage_07_u0048_exceptions.csv,csv,31
results\Deployment_Optimization_Results\06_Service_Stress\06D\source\06BC\stage_07_u0048_failures.csv,csv,52
results\Deployment_Optimization_Results\06_Service_Stress\06D\source\06BC\stage_07_u0048_stats.csv,csv,545
results\Deployment_Optimization_Results\06_Service_Stress\06D\source\06BC\stage_07_u0048_stats_history.csv,csv,10654
results\Deployment_Optimization_Results\06_Service_Stress\06D\source\06BC\stage_08_u0064.locust.log,log,2307
results\Deployment_Optimization_Results\06_Service_Stress\06D\source\06BC\stage_08_u0064_exceptions.csv,csv,31
results\Deployment_Optimization_Results\06_Service_Stress\06D\source\06BC\stage_08_u0064_failures.csv,csv,52
results\Deployment_Optimization_Results\06_Service_Stress\06D\source\06BC\stage_08_u0064_stats.csv,csv,545
results\Deployment_Optimization_Results\06_Service_Stress\06D\source\06BC\stage_08_u0064_stats_history.csv,csv,10624
results\Deployment_Optimization_Results\06_Service_Stress\06D\source\06BC\stage_09_u0080.locust.log,log,2307
results\Deployment_Optimization_Results\06_Service_Stress\06D\source\06BC\stage_09_u0080_exceptions.csv,csv,31
results\Deployment_Optimization_Results\06_Service_Stress\06D\source\06BC\stage_09_u0080_failures.csv,csv,52
results\Deployment_Optimization_Results\06_Service_Stress\06D\source\06BC\stage_09_u0080_stats.csv,csv,545
results\Deployment_Optimization_Results\06_Service_Stress\06D\source\06BC\stage_09_u0080_stats_history.csv,csv,10694
results\Deployment_Optimization_Results\06_Service_Stress\06D\source\06BC\stage_10_u0096.locust.log,log,2307
results\Deployment_Optimization_Results\06_Service_Stress\06D\source\06BC\stage_10_u0096_exceptions.csv,csv,31
results\Deployment_Optimization_Results\06_Service_Stress\06D\source\06BC\stage_10_u0096_failures.csv,csv,52
results\Deployment_Optimization_Results\06_Service_Stress\06D\source\06BC\stage_10_u0096_stats.csv,csv,547
results\Deployment_Optimization_Results\06_Service_Stress\06D\source\06BC\stage_10_u0096_stats_history.csv,csv,10662
results\Deployment_Optimization_Results\06_Service_Stress\06D\source\06BC\stage_11_u0128.locust.log,log,2310
results\Deployment_Optimization_Results\06_Service_Stress\06D\source\06BC\stage_11_u0128_exceptions.csv,csv,31
results\Deployment_Optimization_Results\06_Service_Stress\06D\source\06BC\stage_11_u0128_failures.csv,csv,52
results\Deployment_Optimization_Results\06_Service_Stress\06D\source\06BC\stage_11_u0128_stats.csv,csv,545
results\Deployment_Optimization_Results\06_Service_Stress\06D\source\06BC\stage_11_u0128_stats_history.csv,csv,10632
results\Deployment_Optimization_Results\06_Service_Stress\06D\source\06BC\stage_results.csv,csv,11802
results\Deployment_Optimization_Results\06_Service_Stress\06D\source\06BC\stage_state.json,json,1877
results\Deployment_Optimization_Results\06_Service_Stress\06D\source\06BC\system_monitor_5s.csv,csv,19768
results\Deployment_Optimization_Results\06_Service_Stress\06D\source\06BC\system_monitor_summary.json,json,336
results\Deployment_Optimization_Results\06_Service_Stress\06D\source\06C\run_manifest.json,json,5788
results\Deployment_Optimization_Results\06_Service_Stress\06D\source\06C\soak_results.csv,csv,2360
results\Deployment_Optimization_Results\06_Service_Stress\06D\source\06C\soak_steady_u0016.locust.log,log,2309
results\Deployment_Optimization_Results\06_Service_Stress\06D\source\06C\soak_steady_u0016_exceptions.csv,csv,31
results\Deployment_Optimization_Results\06_Service_Stress\06D\source\06C\soak_steady_u0016_failures.csv,csv,52
results\Deployment_Optimization_Results\06_Service_Stress\06D\source\06C\soak_steady_u0016_stats.csv,csv,533
results\Deployment_Optimization_Results\06_Service_Stress\06D\source\06C\soak_steady_u0016_stats_history.csv,csv,613460
results\Deployment_Optimization_Results\06_Service_Stress\06D\source\06C\soak_warmup_u0016.locust.log,log,2308
results\Deployment_Optimization_Results\06_Service_Stress\06D\source\06C\soak_warmup_u0016_exceptions.csv,csv,31
results\Deployment_Optimization_Results\06_Service_Stress\06D\source\06C\soak_warmup_u0016_failures.csv,csv,52
results\Deployment_Optimization_Results\06_Service_Stress\06D\source\06C\soak_warmup_u0016_stats.csv,csv,525
results\Deployment_Optimization_Results\06_Service_Stress\06D\source\06C\soak_warmup_u0016_stats_history.csv,csv,40208
results\Deployment_Optimization_Results\06_Service_Stress\06D\source\06C\stage_state.json,json,73
results\Deployment_Optimization_Results\06_Service_Stress\06D\source\06C\system_monitor_5s.csv,csv,73896
results\Deployment_Optimization_Results\06_Service_Stress\06D\source\06C\system_monitor_summary.json,json,350
results\Deployment_Optimization_Results\06_Service_Stress\06D\task1_quantization_sensitivity\final_confirmation_manifest.json,json,1248
results\Deployment_Optimization_Results\06_Service_Stress\06D\task1_quantization_sensitivity\final_confirmation_summary.csv,csv,1091
results\Deployment_Optimization_Results\06_Service_Stress\06D\task1_quantization_sensitivity\layer_sensitivity_summary.csv,csv,2338
results\Deployment_Optimization_Results\06_Service_Stress\06D\task1_quantization_sensitivity\mixed_precision_summary.csv,csv,2941
results\Deployment_Optimization_Results\06_Service_Stress\06D\task1_summary.csv,csv,1112
results\Deployment_Optimization_Results\06_Service_Stress\06D\task2_derived_summary.csv,csv,790
results\Deployment_Optimization_Results\06_Service_Stress\06D\task2_qat\qat_dynamic_benchmark.csv,csv,2880
results\Deployment_Optimization_Results\06_Service_Stress\06D\task2_qat\qat_evaluation_manifest_revised_acceptance.json,json,2360
results\Deployment_Optimization_Results\06_Service_Stress\06D\task2_qat\qat_training_log.csv,csv,2485
results\Deployment_Optimization_Results\06_Service_Stress\06D\task2_qat\qat_training_manifest.json,json,4177
results\Deployment_Optimization_Results\06_Service_Stress\06D\task2_qat\qat_vs_ptq_summary.csv,csv,1636
results\Deployment_Optimization_Results\06_Service_Stress\06D\task2_summary.csv,csv,613
results\Deployment_Optimization_Results\06_Service_Stress\06D\task3_service_stress\06A_health_response.json,json,2198
results\Deployment_Optimization_Results\06_Service_Stress\06D\task3_service_stress\06A_validation_summary.json,json,722
results\Deployment_Optimization_Results\06_Service_Stress\06D\task3_soak_resource_summary.csv,csv,419
results\Deployment_Optimization_Results\06_Service_Stress\06D\task3_soak_summary.csv,csv,226
results\Deployment_Optimization_Results\06_Service_Stress\06D\task3_stage_summary.csv,csv,844
results\Deployment_Optimization_Results\06_Service_Stress\README.md,md,430
results\Deployment_Optimization_Results\deployment_optimization_audit.json,json,2189
results\Deployment_Optimization_Results\Deployment_Optimization_Final_Audit.md,md,5143
results\Deployment_Optimization_Results\Deployment_Optimization_Final_Report.md,md,22891
results\Deployment_Optimization_Results\deployment_optimization_manifest.json,json,907
results\Deployment_Optimization_Results\EXPERIMENT_INDEX.md,md,6231
results\Deployment_Optimization_Results\task_audit_matrix.csv,csv,1036
results\figures\01_前期训练轮数_FID.svg,svg,3919
results\figures\02_前期增强实验_FID.svg,svg,4922
results\figures\03_G强化_FID.svg,svg,5776
results\figures\04_G强化_多样性LPIPS.svg,svg,5823
results\figures\05_深度调优_G方法_FID.svg,svg,6072
results\figures\06_深度调优_D方法_FID.svg,svg,4409
results\figures\07_CLIP正则_FID.svg,svg,4232
results\figures\08_CLIP正则_MMD2.svg,svg,4292
results\figures\09_前期代表_D_loss.svg,svg,15039
results\figures\10_前期代表_G_loss.svg,svg,15089
results\figures\11_G强化代表_D_loss.svg,svg,13759
results\figures\12_G强化代表_G_loss.svg,svg,13907
results\figures\13_深度代表_G_adv.svg,svg,13812
results\figures\14_深度代表_G_wavelet.svg,svg,13964
results\figures\15_CLIP代表_D_loss.svg,svg,8273
results\figures\16_CLIP代表_CLIP_MMD.svg,svg,8524
results\figures\17_BN未融合_平均延迟.svg,svg,4035
results\figures\18_BN融合_平均延迟.svg,svg,4076
results\figures\19_三引擎_FP32_batch32_延迟.svg,svg,3166
results\figures\20_三引擎_FP32_batch32_吞吐.svg,svg,3080
results\figures\21_TensorRT_Top3_算子耗时.svg,svg,2152
results\figures\21_三引擎_FP16_batch32_延迟.svg,svg,3124
results\figures\22_PTQ_FID.svg,svg,2946
results\figures\22_三引擎_FP16_batch32_吞吐.svg,svg,3087
results\figures\23_PTQ_模糊率.svg,svg,2942
results\figures\23_TensorRT_Top3_算子耗时.svg,svg,3451
results\figures\24_PTQ_吞吐.svg,svg,3027
results\figures\25_逐层敏感度_FID.svg,svg,4140
results\figures\26_逐层敏感度_延迟.svg,svg,4200
results\figures\27_混合策略_FID.svg,svg,2961
results\figures\28_混合策略_延迟.svg,svg,3008
results\figures\29_QAT_FID.svg,svg,3393
results\figures\30_QAT_模糊率.svg,svg,3424
results\figures\31_QAT_P99.svg,svg,3443
results\figures\32_服务并发_P99.svg,svg,5113
results\figures\33_服务并发_RPS.svg,svg,5077
results\figures\34_服务并发_GPU显存.svg,svg,4841
results\figures\35_服务并发_RSS.svg,svg,5171
results\figures\36_服务并发_SM.svg,svg,4988
results\figures\37_Soak阶段_P99.svg,svg,2646
results\figures\38_Soak阶段_RPS.svg,svg,2615
results\figures\39_Soak_GPU显存头尾.svg,svg,2729
results\figures\40_Soak_RSS头尾.svg,svg,2723
results\figures\figure_manifest.json,json,14867
results\figures\README.md,md,2047
results\figures\全实验图表索引.html,html,9013
results\figures\全实验指标汇总.csv,csv,7146
results\figures\全实验数据清单.csv,csv,236937
results\figures_legacy_backup_20260819\03_原始指标曲线.png,png,70677
results\figures_legacy_backup_20260819\03_原始质量性能.svg,svg,2860
results\figures_legacy_backup_20260819\03_原始量化误差.svg,svg,1650
results\figures_legacy_backup_20260819\03_量化基线_质量性能.svg,svg,3159
results\figures_legacy_backup_20260819\03_量化基线_频带误差.svg,svg,1907
results\figures_legacy_backup_20260819\04_原始层索引精度损失.png,png,67778
results\figures_legacy_backup_20260819\04_原始混合精度候选.png,png,207835
results\figures_legacy_backup_20260819\04_原始混合精度最终确认.png,png,70027
results\figures_legacy_backup_20260819\04_混合精度最终确认.svg,svg,2464
results\figures_legacy_backup_20260819\04_逐层量化敏感度.svg,svg,2806
results\figures_legacy_backup_20260819\05_QAT全局质量与速度.svg,svg,2971
results\figures_legacy_backup_20260819\05_QAT训练目标.svg,svg,2329
results\figures_legacy_backup_20260819\05_原始QAT视觉对比.png,png,371006
results\figures_legacy_backup_20260819\05_原始QAT训练曲线.png,png,109587
results\figures_legacy_backup_20260819\05_原始QAT质量速度曲线.png,png,100401
results\figures_legacy_backup_20260819\README.md,md,1583
results\figures_v1_backup_20260819\00_DCGAN实验全流程.svg,svg,4397
results\figures_v1_backup_20260819\01_前期调优_训练时长与增强.svg,svg,7315
results\figures_v1_backup_20260819\02_G强化_结构容量与多样性.svg,svg,8654
results\figures_v1_backup_20260819\03_深度调优_正则与高频方法.svg,svg,11813
results\figures_v1_backup_20260819\04_CLIP_正则强度与评估.svg,svg,9744
results\figures_v1_backup_20260819\05_训练曲线_代表实验.svg,svg,204019
results\figures_v1_backup_20260819\06_部署基准_融合引擎与瓶颈.svg,svg,14720
results\figures_v1_backup_20260819\07_PTQ_质量速度基线.svg,svg,8357
results\figures_v1_backup_20260819\08_逐层敏感度_混合精度.svg,svg,6309
results\figures_v1_backup_20260819\09_QAT_质量与速度.svg,svg,10330
results\figures_v1_backup_20260819\10_服务压测_并发延迟资源.svg,svg,15683
results\figures_v1_backup_20260819\figure_manifest.json,json,6244
results\figures_v1_backup_20260819\README.md,md,2548
results\figures_v1_backup_20260819\全实验图表索引.html,html,4719
results\figures_v1_backup_20260819\全实验指标汇总.csv,csv,8791
results\figures_v1_backup_20260819\全实验数据清单.csv,csv,286195
results\G强化实验结果\01_G_Width2x\epoch_200.png,png,630156
results\G强化实验结果\01_G_Width2x\loss.csv,csv,16470
results\G强化实验结果\01_G_Width2x\metrics.json,json,580
results\G强化实验结果\02_G_ResG\epoch_200.png,png,637288
results\G强化实验结果\02_G_ResG\loss.csv,csv,16401
results\G强化实验结果\02_G_ResG\metrics.json,json,562
results\G强化实验结果\03_G_Width3x\epoch_200.png,png,626174
results\G强化实验结果\03_G_Width3x\loss.csv,csv,16568
results\G强化实验结果\03_G_Width3x\metrics.json,json,562
results\G强化实验结果\04_G_Width4x\epoch_200.png,png,633455
results\G强化实验结果\04_G_Width4x\loss.csv,csv,16683
results\G强化实验结果\04_G_Width4x\metrics.json,json,586
results\G强化实验结果\05_G_Width3x_R1\epoch_200.png,png,627311
results\G强化实验结果\05_G_Width3x_R1\loss.csv,csv,20675
results\G强化实验结果\05_G_Width3x_R1\metrics.json,json,580
results\G强化实验结果\06_G_Width3x_ResG_pre\epoch_200.png,png,626488
results\G强化实验结果\06_G_Width3x_ResG_pre\loss.csv,csv,16552
results\G强化实验结果\06_G_Width3x_ResG_pre\metrics.json,json,939
results\G强化实验结果\07_G_PixelShuffle_NoBN\epoch_200.png,png,644454
results\G强化实验结果\07_G_PixelShuffle_NoBN\loss.csv,csv,16469
results\G强化实验结果\07_G_PixelShuffle_NoBN\metrics.json,json,2777
results\G强化实验结果\08_G_Width3x_SA_SN\epoch_200.png,png,625762
results\G强化实验结果\08_G_Width3x_SA_SN\loss.csv,csv,20506
results\G强化实验结果\08_G_Width3x_SA_SN\metrics.json,json,2183
results\G强化实验结果\09_G_Width3x_20K\epoch_200.png,png,633944
results\G强化实验结果\09_G_Width3x_20K\generator_final.pth,pth,31121705
results\G强化实验结果\09_G_Width3x_20K\loss.csv,csv,16531
results\G强化实验结果\09_G_Width3x_20K\metrics.json,json,1121
results\G强化实验结果\10_G_Width3x_20K_Laplacian\epoch_200.png,png,631682
results\G强化实验结果\10_G_Width3x_20K_Laplacian\loss.csv,csv,24237
results\G强化实验结果\10_G_Width3x_20K_Laplacian\metrics.json,json,1334
results\G强化实验结果\11_G_DiffAug_EMA_20K\checkpoint_final.pth,pth,172888656
results\G强化实验结果\11_G_DiffAug_EMA_20K\discriminator_final.pth,pth,5785649
results\G强化实验结果\11_G_DiffAug_EMA_20K\epoch_200.png,png,613481
results\G强化实验结果\11_G_DiffAug_EMA_20K\generator_ema_final.pth,pth,31121017
results\G强化实验结果\11_G_DiffAug_EMA_20K\generator_raw_final.pth,pth,31121849
results\G强化实验结果\11_G_DiffAug_EMA_20K\loss.csv,csv,24631
results\G强化实验结果\11_G_DiffAug_EMA_20K\metrics.json,json,1501
results\G强化实验结果\11_G_DiffAug_EMA_20K\optimizer_D.pth,pth,11511071
results\G强化实验结果\11_G_DiffAug_EMA_20K\optimizer_G.pth,pth,62215601
results\SDXL_Controlled_Study_Results\00_Baseline\B1_Formal_CleanUnique_17K\dataset_manifest_sha256.json,json,295
results\SDXL_Controlled_Study_Results\00_Baseline\B1_Formal_CleanUnique_17K\epoch_200.png,png,601274
results\SDXL_Controlled_Study_Results\00_Baseline\B1_Formal_CleanUnique_17K\generator_ema_final.pth,pth,31121017
results\SDXL_Controlled_Study_Results\00_Baseline\B1_Formal_CleanUnique_17K\loss.csv,csv,24555
results\SDXL_Controlled_Study_Results\00_Baseline\B1_Formal_CleanUnique_17K\metrics.json,json,1838
results\SDXL_Controlled_Study_Results\00_Baseline\B1_Formal_CleanUnique_17K\original_unique_manifest.csv,csv,1555704
results\SDXL_Controlled_Study_Results\00_Baseline\B1_Formal_CleanUnique_17K\training_config.json,json,1075
results\SDXL_Controlled_Study_Results\01_SDXL_Pilot\pilot_contact_sheet (4).jpg,jpg,963571
results\SDXL_Controlled_Study_Results\01_SDXL_Pilot\pilot_review (3).csv,csv,23266
results\SDXL_Controlled_Study_Results\02_SDXL_Production\sdxl_merged_2080\S00001.png,png,8324
results\SDXL_Controlled_Study_Results\02_SDXL_Production\sdxl_merged_2080\S00002.png,png,8577
results\SDXL_Controlled_Study_Results\02_SDXL_Production\sdxl_merged_2080\S00003.png,png,8331
results\SDXL_Controlled_Study_Results\02_SDXL_Production\sdxl_merged_2080\S00004.png,png,7468
results\SDXL_Controlled_Study_Results\02_SDXL_Production\sdxl_merged_2080\S00005.png,png,9056
results\SDXL_Controlled_Study_Results\02_SDXL_Production\sdxl_merged_2080\S00006.png,png,8461
results\SDXL_Controlled_Study_Results\02_SDXL_Production\sdxl_merged_2080\S00007.png,png,7936
results\SDXL_Controlled_Study_Results\02_SDXL_Production\sdxl_merged_2080\S00008.png,png,9870
results\SDXL_Controlled_Study_Results\02_SDXL_Production\sdxl_merged_2080\S00009.png,png,4899
results\SDXL_Controlled_Study_Results\02_SDXL_Production\sdxl_merged_2080\S00010.png,png,9331
results\SDXL_Controlled_Study_Results\02_SDXL_Production\sdxl_merged_2080\S00011.png,png,9037
results\SDXL_Controlled_Study_Results\02_SDXL_Production\sdxl_merged_2080\S00012.png,png,9143
results\SDXL_Controlled_Study_Results\02_SDXL_Production\sdxl_merged_2080\S00013.png,png,8496
results\SDXL_Controlled_Study_Results\02_SDXL_Production\sdxl_merged_2080\S00014.png,png,9372
results\SDXL_Controlled_Study_Results\02_SDXL_Production\sdxl_merged_2080\S00015.png,png,9675
results\SDXL_Controlled_Study_Results\02_SDXL_Production\sdxl_merged_2080\S00016.png,png,9249
results\SDXL_Controlled_Study_Results\02_SDXL_Production\sdxl_merged_2080\S00017.png,png,7258
results\SDXL_Controlled_Study_Results\02_SDXL_Production\sdxl_merged_2080\S00018.png,png,8201
results\SDXL_Controlled_Study_Results\02_SDXL_Production\sdxl_merged_2080\S00019.png,png,8633
results\SDXL_Controlled_Study_Results\02_SDXL_Production\sdxl_merged_2080\S00020.png,png,8174
results\SDXL_Controlled_Study_Results\02_SDXL_Production\sdxl_merged_2080\S00021.png,png,8754
results\SDXL_Controlled_Study_Results\02_SDXL_Production\sdxl_merged_2080\S00022.png,png,9671
results\SDXL_Controlled_Study_Results\02_SDXL_Production\sdxl_merged_2080\S00023.png,png,8210
results\SDXL_Controlled_Study_Results\02_SDXL_Production\sdxl_merged_2080\S00024.png,png,9313
results\SDXL_Controlled_Study_Results\02_SDXL_Production\sdxl_merged_2080\S00025.png,png,8578
results\SDXL_Controlled_Study_Results\02_SDXL_Production\sdxl_merged_2080\S00026.png,png,8576
results\SDXL_Controlled_Study_Results\02_SDXL_Production\sdxl_merged_2080\S00027.png,png,7227
results\SDXL_Controlled_Study_Results\02_SDXL_Production\sdxl_merged_2080\S00028.png,png,9291
results\SDXL_Controlled_Study_Results\02_SDXL_Production\sdxl_merged_2080\S00029.png,png,8763
results\SDXL_Controlled_Study_Results\02_SDXL_Production\sdxl_merged_2080\S00030.png,png,7851
results\SDXL_Controlled_Study_Results\02_SDXL_Production\sdxl_merged_2080\S00031.png,png,9987
results\SDXL_Controlled_Study_Results\02_SDXL_Production\sdxl_merged_2080\S00032.png,png,7810
results\SDXL_Controlled_Study_Results\02_SDXL_Production\sdxl_merged_2080\S00033.png,png,7283
results\SDXL_Controlled_Study_Results\02_SDXL_Production\sdxl_merged_2080\S00034.png,png,9464
results\SDXL_Controlled_Study_Results\02_SDXL_Production\sdxl_merged_2080\S00035.png,png,8211
results\SDXL_Controlled_Study_Results\02_SDXL_Production\sdxl_merged_2080\S00036.png,png,6626
results\SDXL_Controlled_Study_Results\02_SDXL_Production\sdxl_merged_2080\S00037.png,png,9674
results\SDXL_Controlled_Study_Results\02_SDXL_Production\sdxl_merged_2080\S00038.png,png,8179
results\SDXL_Controlled_Study_Results\02_SDXL_Production\sdxl_merged_2080\S00039.png,png,7841
results\SDXL_Controlled_Study_Results\02_SDXL_Production\sdxl_merged_2080\S00040.png,png,7741
results\SDXL_Controlled_Study_Results\02_SDXL_Production\sdxl_merged_2080\S00041.png,png,7327
results\SDXL_Controlled_Study_Results\02_SDXL_Production\sdxl_merged_2080\S00042.png,png,9403
results\SDXL_Controlled_Study_Results\02_SDXL_Production\sdxl_merged_2080\S00043.png,png,9046
results\SDXL_Controlled_Study_Results\02_SDXL_Production\sdxl_merged_2080\S00044.png,png,8801
results\SDXL_Controlled_Study_Results\02_SDXL_Production\sdxl_merged_2080\S00045.png,png,9477
results\SDXL_Controlled_Study_Results\02_SDXL_Production\sdxl_merged_2080\S00046.png,png,6643
results\SDXL_Controlled_Study_Results\02_SDXL_Production\sdxl_merged_2080\S00047.png,png,8234
results\SDXL_Controlled_Study_Results\02_SDXL_Production\sdxl_merged_2080\S00048.png,png,8827
results\SDXL_Controlled_Study_Results\02_SDXL_Production\sdxl_merged_2080\S00049.png,png,8490
results\SDXL_Controlled_Study_Results\02_SDXL_Production\sdxl_merged_2080\S00050.png,png,7431
results\SDXL_Controlled_Study_Results\02_SDXL_Production\sdxl_merged_2080\S00051.png,png,7130
results\SDXL_Controlled_Study_Results\02_SDXL_Production\sdxl_merged_2080\S00052.png,png,8281
results\SDXL_Controlled_Study_Results\02_SDXL_Production\sdxl_merged_2080\S00053.png,png,9215
results\SDXL_Controlled_Study_Results\02_SDXL_Production\sdxl_merged_2080\S00054.png,png,9766
results\SDXL_Controlled_Study_Results\02_SDXL_Production\sdxl_merged_2080\S00055.png,png,9660
results\SDXL_Controlled_Study_Results\02_SDXL_Production\sdxl_merged_2080\S00056.png,png,8904
results\SDXL_Controlled_Study_Results\02_SDXL_Production\sdxl_merged_2080\S00057.png,png,10071
results\SDXL_Controlled_Study_Results\02_SDXL_Production\sdxl_merged_2080\S00058.png,png,7830
results\SDXL_Controlled_Study_Results\02_SDXL_Production\sdxl_merged_2080\S00059.png,png,9601
results\SDXL_Controlled_Study_Results\02_SDXL_Production\sdxl_merged_2080\S00060.png,png,8289
results\SDXL_Controlled_Study_Results\02_SDXL_Production\sdxl_merged_2080\S00061.png,png,8004
results\SDXL_Controlled_Study_Results\02_SDXL_Production\sdxl_merged_2080\S00062.png,png,10033
results\SDXL_Controlled_Study_Results\02_SDXL_Production\sdxl_merged_2080\S00063.png,png,9842
results\SDXL_Controlled_Study_Results\02_SDXL_Production\sdxl_merged_2080\S00064.png,png,8423
results\SDXL_Controlled_Study_Results\02_SDXL_Production\sdxl_merged_2080\S00065.png,png,8939
results\SDXL_Controlled_Study_Results\02_SDXL_Production\sdxl_merged_2080\S00066.png,png,7253
results\SDXL_Controlled_Study_Results\02_SDXL_Production\sdxl_merged_2080\S00067.png,png,8940
results\SDXL_Controlled_Study_Results\02_SDXL_Production\sdxl_merged_2080\S00068.png,png,7130
results\SDXL_Controlled_Study_Results\02_SDXL_Production\sdxl_merged_2080\S00069.png,png,8838
results\SDXL_Controlled_Study_Results\02_SDXL_Production\sdxl_merged_2080\S00070.png,png,8087
results\SDXL_Controlled_Study_Results\02_SDXL_Production\sdxl_merged_2080\S00071.png,png,8808
results\SDXL_Controlled_Study_Results\02_SDXL_Production\sdxl_merged_2080\S00072.png,png,8846
results\SDXL_Controlled_Study_Results\02_SDXL_Production\sdxl_merged_2080\S00073.png,png,8078
results\SDXL_Controlled_Study_Results\02_SDXL_Production\sdxl_merged_2080\S00074.png,png,7975
results\SDXL_Controlled_Study_Results\02_SDXL_Production\sdxl_merged_2080\S00075.png,png,9624
results\SDXL_Controlled_Study_Results\02_SDXL_Production\sdxl_merged_2080\S00076.png,png,9845
results\SDXL_Controlled_Study_Results\02_SDXL_Production\sdxl_merged_2080\S00077.png,png,10315
results\SDXL_Controlled_Study_Results\02_SDXL_Production\sdxl_merged_2080\S00078.png,png,8827
results\SDXL_Controlled_Study_Results\02_SDXL_Production\sdxl_merged_2080\S00079.png,png,9043
results\SDXL_Controlled_Study_Results\02_SDXL_Production\sdxl_merged_2080\S00080.png,png,9247
results\SDXL_Controlled_Study_Results\02_SDXL_Production\sdxl_merged_2080\S00081.png,png,8450
results\SDXL_Controlled_Study_Results\02_SDXL_Production\sdxl_merged_2080\S00082.png,png,8025
results\SDXL_Controlled_Study_Results\02_SDXL_Production\sdxl_merged_2080\S00083.png,png,8488
results\SDXL_Controlled_Study_Results\02_SDXL_Production\sdxl_merged_2080\S00084.png,png,8783
results\SDXL_Controlled_Study_Results\02_SDXL_Production\sdxl_merged_2080\S00085.png,png,7539
results\SDXL_Controlled_Study_Results\02_SDXL_Production\sdxl_merged_2080\S00086.png,png,8894
results\SDXL_Controlled_Study_Results\02_SDXL_Production\sdxl_merged_2080\S00087.png,png,7968
results\SDXL_Controlled_Study_Results\02_SDXL_Production\sdxl_merged_2080\S00088.png,png,9414
results\SDXL_Controlled_Study_Results\02_SDXL_Production\sdxl_merged_2080\S00089.png,png,7918
results\SDXL_Controlled_Study_Results\02_SDXL_Production\sdxl_merged_2080\S00090.png,png,9997
results\SDXL_Controlled_Study_Results\02_SDXL_Production\sdxl_merged_2080\S00091.png,png,9371
results\SDXL_Controlled_Study_Results\02_SDXL_Production\sdxl_merged_2080\S00092.png,png,10006
results\SDXL_Controlled_Study_Results\02_SDXL_Production\sdxl_merged_2080\S00093.png,png,7720
results\SDXL_Controlled_Study_Results\02_SDXL_Production\sdxl_merged_2080\S00094.png,png,8087
results\SDXL_Controlled_Study_Results\02_SDXL_Production\sdxl_merged_2080\S00095.png,png,8597
results\SDXL_Controlled_Study_Results\02_SDXL_Production\sdxl_merged_2080\S00096.png,png,8240
results\SDXL_Controlled_Study_Results\02_SDXL_Production\sdxl_merged_2080\S00097.png,png,7605
results\SDXL_Controlled_Study_Results\02_SDXL_Production\sdxl_merged_2080\S00098.png,png,7805
results\SDXL_Controlled_Study_Results\02_SDXL_Production\sdxl_merged_2080\S00099.png,png,7631
results\SDXL_Controlled_Study_Results\02_SDXL_Production\sdxl_merged_2080\S00100.png,png,8320
results\SDXL_Controlled_Study_Results\02_SDXL_Production\sdxl_merged_2080\S00101.png,png,9202
results\SDXL_Controlled_Study_Results\02_SDXL_Production\sdxl_merged_2080\S00102.png,png,8648
results\SDXL_Controlled_Study_Results\02_SDXL_Production\sdxl_merged_2080\S00103.png,png,8490
results\SDXL_Controlled_Study_Results\02_SDXL_Production\sdxl_merged_2080\S00104.png,png,10132
results\SDXL_Controlled_Study_Results\02_SDXL_Production\sdxl_merged_2080\S00105.png,png,8848
results\SDXL_Controlled_Study_Results\02_SDXL_Production\sdxl_merged_2080\S00106.png,png,8801
results\SDXL_Controlled_Study_Results\02_SDXL_Production\sdxl_merged_2080\S00107.png,png,9716
results\SDXL_Controlled_Study_Results\02_SDXL_Production\sdxl_merged_2080\S00108.png,png,8804
results\SDXL_Controlled_Study_Results\02_SDXL_Production\sdxl_merged_2080\S00109.png,png,9375
results\SDXL_Controlled_Study_Results\02_SDXL_Production\sdxl_merged_2080\S00110.png,png,8000
results\SDXL_Controlled_Study_Results\02_SDXL_Production\sdxl_merged_2080\S00111.png,png,9511
results\SDXL_Controlled_Study_Results\02_SDXL_Production\sdxl_merged_2080\S00112.png,png,9421
results\SDXL_Controlled_Study_Results\02_SDXL_Production\sdxl_merged_2080\S00113.png,png,7552
results\SDXL_Controlled_Study_Results\02_SDXL_Production\sdxl_merged_2080\S00114.png,png,7682
results\SDXL_Controlled_Study_Results\02_SDXL_Production\sdxl_merged_2080\S00115.png,png,8443
results\SDXL_Controlled_Study_Results\02_SDXL_Production\sdxl_merged_2080\S00116.png,png,8098
results\SDXL_Controlled_Study_Results\02_SDXL_Production\sdxl_merged_2080\S00117.png,png,9415
results\SDXL_Controlled_Study_Results\02_SDXL_Production\sdxl_merged_2080\S00118.png,png,9744
results\SDXL_Controlled_Study_Results\02_SDXL_Production\sdxl_merged_2080\S00119.png,png,8462
results\SDXL_Controlled_Study_Results\02_SDXL_Production\sdxl_merged_2080\S00120.png,png,8610
results\SDXL_Controlled_Study_Results\02_SDXL_Production\sdxl_merged_2080\S00121.png,png,9400
results\SDXL_Controlled_Study_Results\02_SDXL_Production\sdxl_merged_2080\S00122.png,png,8735
results\SDXL_Controlled_Study_Results\02_SDXL_Production\sdxl_merged_2080\S00123.png,png,8871
results\SDXL_Controlled_Study_Results\02_SDXL_Production\sdxl_merged_2080\S00124.png,png,9547
results\SDXL_Controlled_Study_Results\02_SDXL_Production\sdxl_merged_2080\S00125.png,png,10046
results\SDXL_Controlled_Study_Results\02_SDXL_Production\sdxl_merged_2080\S00126.png,png,8953
results\SDXL_Controlled_Study_Results\02_SDXL_Production\sdxl_merged_2080\S00127.png,png,10263
results\SDXL_Controlled_Study_Results\02_SDXL_Production\sdxl_merged_2080\S00128.png,png,8242
results\SDXL_Controlled_Study_Results\02_SDXL_Production\sdxl_merged_2080\S00129.png,png,7477
results\SDXL_Controlled_Study_Results\02_SDXL_Production\sdxl_merged_2080\S00130.png,png,9223
results\SDXL_Controlled_Study_Results\02_SDXL_Production\sdxl_merged_2080\S00131.png,png,9213
results\SDXL_Controlled_Study_Results\02_SDXL_Production\sdxl_merged_2080\S00132.png,png,7270
results\SDXL_Controlled_Study_Results\02_SDXL_Production\sdxl_merged_2080\S00133.png,png,8736
results\SDXL_Controlled_Study_Results\02_SDXL_Production\sdxl_merged_2080\S00134.png,png,9351
results\SDXL_Controlled_Study_Results\02_SDXL_Production\sdxl_merged_2080\S00135.png,png,9197
results\SDXL_Controlled_Study_Results\02_SDXL_Production\sdxl_merged_2080\S00136.png,png,7614
results\SDXL_Controlled_Study_Results\02_SDXL_Production\sdxl_merged_2080\S00138.png,png,9566
results\SDXL_Controlled_Study_Results\02_SDXL_Production\sdxl_merged_2080\S00139.png,png,10115
results\SDXL_Controlled_Study_Results\02_SDXL_Production\sdxl_merged_2080\S00140.png,png,9058
results\SDXL_Controlled_Study_Results\02_SDXL_Production\sdxl_merged_2080\S00141.png,png,8920
results\SDXL_Controlled_Study_Results\02_SDXL_Production\sdxl_merged_2080\S00142.png,png,8453
results\SDXL_Controlled_Study_Results\02_SDXL_Production\sdxl_merged_2080\S00143.png,png,9687
results\SDXL_Controlled_Study_Results\02_SDXL_Production\sdxl_merged_2080\S00144.png,png,9146
results\SDXL_Controlled_Study_Results\02_SDXL_Production\sdxl_merged_2080\S00145.png,png,8543
results\SDXL_Controlled_Study_Results\02_SDXL_Production\sdxl_merged_2080\S00146.png,png,8949
results\SDXL_Controlled_Study_Results\02_SDXL_Production\sdxl_merged_2080\S00147.png,png,7175
results\SDXL_Controlled_Study_Results\02_SDXL_Production\sdxl_merged_2080\S00148.png,png,7257
results\SDXL_Controlled_Study_Results\02_SDXL_Production\sdxl_merged_2080\S00149.png,png,8353
results\SDXL_Controlled_Study_Results\02_SDXL_Production\sdxl_merged_2080\S00150.png,png,9988
results\SDXL_Controlled_Study_Results\02_SDXL_Production\sdxl_merged_2080\S00151.png,png,8498
results\SDXL_Controlled_Study_Results\02_SDXL_Production\sdxl_merged_2080\S00152.png,png,8401
results\SDXL_Controlled_Study_Results\02_SDXL_Production\sdxl_merged_2080\S00153.png,png,7373
results\SDXL_Controlled_Study_Results\02_SDXL_Production\sdxl_merged_2080\S00154.png,png,7836
results\SDXL_Controlled_Study_Results\02_SDXL_Production\sdxl_merged_2080\S00155.png,png,9299
results\SDXL_Controlled_Study_Results\02_SDXL_Production\sdxl_merged_2080\S00156.png,png,8417
results\SDXL_Controlled_Study_Results\02_SDXL_Production\sdxl_merged_2080\S00157.png,png,9150
results\SDXL_Controlled_Study_Results\02_SDXL_Production\sdxl_merged_2080\S00158.png,png,8561
results\SDXL_Controlled_Study_Results\02_SDXL_Production\sdxl_merged_2080\S00159.png,png,9721
results\SDXL_Controlled_Study_Results\02_SDXL_Production\sdxl_merged_2080\S00160.png,png,9456
results\SDXL_Controlled_Study_Results\02_SDXL_Production\sdxl_merged_2080\S00161.png,png,8300
results\SDXL_Controlled_Study_Results\02_SDXL_Production\sdxl_merged_2080\S00162.png,png,6775
results\SDXL_Controlled_Study_Results\02_SDXL_Production\sdxl_merged_2080\S00163.png,png,9017
results\SDXL_Controlled_Study_Results\02_SDXL_Production\sdxl_merged_2080\S00164.png,png,7050
results\SDXL_Controlled_Study_Results\02_SDXL_Production\sdxl_merged_2080\S00165.png,png,9323
results\SDXL_Controlled_Study_Results\02_SDXL_Production\sdxl_merged_2080\S00166.png,png,9573
results\SDXL_Controlled_Study_Results\02_SDXL_Production\sdxl_merged_2080\S00167.png,png,8860
results\SDXL_Controlled_Study_Results\02_SDXL_Production\sdxl_merged_2080\S00168.png,png,9456
results\SDXL_Controlled_Study_Results\02_SDXL_Production\sdxl_merged_2080\S00169.png,png,8423
results\SDXL_Controlled_Study_Results\02_SDXL_Production\sdxl_merged_2080\S00170.png,png,9913
results\SDXL_Controlled_Study_Results\02_SDXL_Production\sdxl_merged_2080\S00171.png,png,8694
results\SDXL_Controlled_Study_Results\02_SDXL_Production\sdxl_merged_2080\S00172.png,png,9355
results\SDXL_Controlled_Study_Results\02_SDXL_Production\sdxl_merged_2080\S00173.png,png,9511
results\SDXL_Controlled_Study_Results\02_SDXL_Production\sdxl_merged_2080\S00174.png,png,8342
results\SDXL_Controlled_Study_Results\02_SDXL_Production\sdxl_merged_2080\S00175.png,png,8672
results\SDXL_Controlled_Study_Results\02_SDXL_Production\sdxl_merged_2080\S00176.png,png,9878
results\SDXL_Controlled_Study_Results\02_SDXL_Production\sdxl_merged_2080\S00177.png,png,8614
results\SDXL_Controlled_Study_Results\02_SDXL_Production\sdxl_merged_2080\S00178.png,png,9211
results\SDXL_Controlled_Study_Results\02_SDXL_Production\sdxl_merged_2080\S00179.png,png,7693
results\SDXL_Controlled_Study_Results\02_SDXL_Production\sdxl_merged_2080\S00180.png,png,7380
results\SDXL_Controlled_Study_Results\02_SDXL_Production\sdxl_merged_2080\S00181.png,png,9048
results\SDXL_Controlled_Study_Results\02_SDXL_Production\sdxl_merged_2080\S00182.png,png,9685
results\SDXL_Controlled_Study_Results\02_SDXL_Production\sdxl_merged_2080\S00183.png,png,8003
results\SDXL_Controlled_Study_Results\02_SDXL_Production\sdxl_merged_2080\S00184.png,png,8605
results\SDXL_Controlled_Study_Results\02_SDXL_Production\sdxl_merged_2080\S00185.png,png,8036
results\SDXL_Controlled_Study_Results\02_SDXL_Production\sdxl_merged_2080\S00186.png,png,9319
results\SDXL_Controlled_Study_Results\02_SDXL_Production\sdxl_merged_2080\S00187.png,png,10059
results\SDXL_Controlled_Study_Results\02_SDXL_Production\sdxl_merged_2080\S00188.png,png,8536
results\SDXL_Controlled_Study_Results\02_SDXL_Production\sdxl_merged_2080\S00189.png,png,9408
results\SDXL_Controlled_Study_Results\02_SDXL_Production\sdxl_merged_2080\S00190.png,png,8149
results\SDXL_Controlled_Study_Results\02_SDXL_Production\sdxl_merged_2080\S00191.png,png,9640
results\SDXL_Controlled_Study_Results\02_SDXL_Production\sdxl_merged_2080\S00192.png,png,9187
results\SDXL_Controlled_Study_Results\02_SDXL_Production\sdxl_merged_2080\S00193.png,png,8839
results\SDXL_Controlled_Study_Results\02_SDXL_Production\sdxl_merged_2080\S00194.png,png,8847
results\SDXL_Controlled_Study_Results\02_SDXL_Production\sdxl_merged_2080\S00195.png,png,7843
results\SDXL_Controlled_Study_Results\02_SDXL_Production\sdxl_merged_2080\S00196.png,png,8285
results\SDXL_Controlled_Study_Results\02_SDXL_Production\sdxl_merged_2080\S00197.png,png,9150
results\SDXL_Controlled_Study_Results\02_SDXL_Production\sdxl_merged_2080\S00198.png,png,8780
results\SDXL_Controlled_Study_Results\02_SDXL_Production\sdxl_merged_2080\S00199.png,png,8250
results\SDXL_Controlled_Study_Results\02_SDXL_Production\sdxl_merged_2080\S00200.png,png,8987
results\SDXL_Controlled_Study_Results\02_SDXL_Production\sdxl_merged_2080\S00201.png,png,6541
results\SDXL_Controlled_Study_Results\02_SDXL_Production\sdxl_merged_2080\S00202.png,png,9719
results\SDXL_Controlled_Study_Results\02_SDXL_Production\sdxl_merged_2080\S00203.png,png,9467
results\SDXL_Controlled_Study_Results\02_SDXL_Production\sdxl_merged_2080\S00204.png,png,8762
results\SDXL_Controlled_Study_Results\02_SDXL_Production\sdxl_merged_2080\S00205.png,png,9700
results\SDXL_Controlled_Study_Results\02_SDXL_Production\sdxl_merged_2080\S00206.png,png,9410
results\SDXL_Controlled_Study_Results\02_SDXL_Production\sdxl_merged_2080\S00207.png,png,9255
results\SDXL_Controlled_Study_Results\02_SDXL_Production\sdxl_merged_2080\S00208.png,png,9060
results\SDXL_Controlled_Study_Results\02_SDXL_Production\sdxl_merged_2080\S00209.png,png,9358
results\SDXL_Controlled_Study_Results\02_SDXL_Production\sdxl_merged_2080\S00210.png,png,9419
results\SDXL_Controlled_Study_Results\02_SDXL_Production\sdxl_merged_2080\S00211.png,png,9040
results\SDXL_Controlled_Study_Results\02_SDXL_Production\sdxl_merged_2080\S00212.png,png,7523
results\SDXL_Controlled_Study_Results\02_SDXL_Production\sdxl_merged_2080\S00213.png,png,9132
results\SDXL_Controlled_Study_Results\02_SDXL_Production\sdxl_merged_2080\S00214.png,png,9515
results\SDXL_Controlled_Study_Results\02_SDXL_Production\sdxl_merged_2080\S00215.png,png,8754
results\SDXL_Controlled_Study_Results\02_SDXL_Production\sdxl_merged_2080\S00216.png,png,9857
results\SDXL_Controlled_Study_Results\02_SDXL_Production\sdxl_merged_2080\S00217.png,png,8911
results\SDXL_Controlled_Study_Results\02_SDXL_Production\sdxl_merged_2080\S00218.png,png,9481
results\SDXL_Controlled_Study_Results\02_SDXL_Production\sdxl_merged_2080\S00219.png,png,9598
results\SDXL_Controlled_Study_Results\02_SDXL_Production\sdxl_merged_2080\S00220.png,png,9707
results\SDXL_Controlled_Study_Results\02_SDXL_Production\sdxl_merged_2080\S00221.png,png,9497
results\SDXL_Controlled_Study_Results\02_SDXL_Production\sdxl_merged_2080\S00222.png,png,9616
results\SDXL_Controlled_Study_Results\02_SDXL_Production\sdxl_merged_2080\S00223.png,png,9156
results\SDXL_Controlled_Study_Results\02_SDXL_Production\sdxl_merged_2080\S00224.png,png,9162
results\SDXL_Controlled_Study_Results\02_SDXL_Production\sdxl_merged_2080\S00225.png,png,6056
results\SDXL_Controlled_Study_Results\02_SDXL_Production\sdxl_merged_2080\S00226.png,png,8982
results\SDXL_Controlled_Study_Results\02_SDXL_Production\sdxl_merged_2080\S00227.png,png,8944
results\SDXL_Controlled_Study_Results\02_SDXL_Production\sdxl_merged_2080\S00228.png,png,8102
results\SDXL_Controlled_Study_Results\02_SDXL_Production\sdxl_merged_2080\S00229.png,png,9679
results\SDXL_Controlled_Study_Results\02_SDXL_Production\sdxl_merged_2080\S00230.png,png,9443
results\SDXL_Controlled_Study_Results\02_SDXL_Production\sdxl_merged_2080\S00231.png,png,7393
results\SDXL_Controlled_Study_Results\02_SDXL_Production\sdxl_merged_2080\S00232.png,png,9748
results\SDXL_Controlled_Study_Results\02_SDXL_Production\sdxl_merged_2080\S00234.png,png,8969
results\SDXL_Controlled_Study_Results\02_SDXL_Production\sdxl_merged_2080\S00235.png,png,9749
results\SDXL_Controlled_Study_Results\02_SDXL_Production\sdxl_merged_2080\S00236.png,png,7362
results\SDXL_Controlled_Study_Results\02_SDXL_Production\sdxl_merged_2080\S00237.png,png,8643
results\SDXL_Controlled_Study_Results\02_SDXL_Production\sdxl_merged_2080\S00238.png,png,8781
results\SDXL_Controlled_Study_Results\02_SDXL_Production\sdxl_merged_2080\S00239.png,png,8573
results\SDXL_Controlled_Study_Results\02_SDXL_Production\sdxl_merged_2080\S00240.png,png,9166
results\SDXL_Controlled_Study_Results\02_SDXL_Production\sdxl_merged_2080\S00241.png,png,7454
results\SDXL_Controlled_Study_Results\02_SDXL_Production\sdxl_merged_2080\S00242.png,png,9114
results\SDXL_Controlled_Study_Results\02_SDXL_Production\sdxl_merged_2080\S00243.png,png,7766
results\SDXL_Controlled_Study_Results\02_SDXL_Production\sdxl_merged_2080\S00244.png,png,8157
results\SDXL_Controlled_Study_Results\02_SDXL_Production\sdxl_merged_2080\S00245.png,png,8893
results\SDXL_Controlled_Study_Results\02_SDXL_Production\sdxl_merged_2080\S00246.png,png,10067
results\SDXL_Controlled_Study_Results\02_SDXL_Production\sdxl_merged_2080\S00247.png,png,6452
results\SDXL_Controlled_Study_Results\02_SDXL_Production\sdxl_merged_2080\S00248.png,png,9705
results\SDXL_Controlled_Study_Results\02_SDXL_Production\sdxl_merged_2080\S00249.png,png,8452
results\SDXL_Controlled_Study_Results\02_SDXL_Production\sdxl_merged_2080\S00250.png,png,9746
results\SDXL_Controlled_Study_Results\02_SDXL_Production\sdxl_merged_2080\S00251.png,png,9667
results\SDXL_Controlled_Study_Results\02_SDXL_Production\sdxl_merged_2080\S00252.png,png,8700
results\SDXL_Controlled_Study_Results\02_SDXL_Production\sdxl_merged_2080\S00253.png,png,8240
results\SDXL_Controlled_Study_Results\02_SDXL_Production\sdxl_merged_2080\S00254.png,png,8141
results\SDXL_Controlled_Study_Results\02_SDXL_Production\sdxl_merged_2080\S00255.png,png,8706
results\SDXL_Controlled_Study_Results\02_SDXL_Production\sdxl_merged_2080\S00256.png,png,9596
results\SDXL_Controlled_Study_Results\02_SDXL_Production\sdxl_merged_2080\S00257.png,png,7780
results\SDXL_Controlled_Study_Results\02_SDXL_Production\sdxl_merged_2080\S00258.png,png,8569
results\SDXL_Controlled_Study_Results\02_SDXL_Production\sdxl_merged_2080\S00259.png,png,9153
results\SDXL_Controlled_Study_Results\02_SDXL_Production\sdxl_merged_2080\S00260.png,png,7887
results\SDXL_Controlled_Study_Results\02_SDXL_Production\sdxl_merged_2080\S00261.png,png,9478
results\SDXL_Controlled_Study_Results\02_SDXL_Production\sdxl_merged_2080\S00262.png,png,8654
results\SDXL_Controlled_Study_Results\02_SDXL_Production\sdxl_merged_2080\S00263.png,png,8264
results\SDXL_Controlled_Study_Results\02_SDXL_Production\sdxl_merged_2080\S00264.png,png,9169
results\SDXL_Controlled_Study_Results\02_SDXL_Production\sdxl_merged_2080\S00265.png,png,9419
results\SDXL_Controlled_Study_Results\02_SDXL_Production\sdxl_merged_2080\S00267.png,png,9898
results\SDXL_Controlled_Study_Results\02_SDXL_Production\sdxl_merged_2080\S00268.png,png,8413
results\SDXL_Controlled_Study_Results\02_SDXL_Production\sdxl_merged_2080\S00269.png,png,9398
results\SDXL_Controlled_Study_Results\02_SDXL_Production\sdxl_merged_2080\S00270.png,png,8585
results\SDXL_Controlled_Study_Results\02_SDXL_Production\sdxl_merged_2080\S00271.png,png,7126
results\SDXL_Controlled_Study_Results\02_SDXL_Production\sdxl_merged_2080\S00272.png,png,9442
results\SDXL_Controlled_Study_Results\02_SDXL_Production\sdxl_merged_2080\S00273.png,png,9599
results\SDXL_Controlled_Study_Results\02_SDXL_Production\sdxl_merged_2080\S00274.png,png,8959
results\SDXL_Controlled_Study_Results\02_SDXL_Production\sdxl_merged_2080\S00275.png,png,8674
results\SDXL_Controlled_Study_Results\02_SDXL_Production\sdxl_merged_2080\S00276.png,png,9092
results\SDXL_Controlled_Study_Results\02_SDXL_Production\sdxl_merged_2080\S00277.png,png,9039
results\SDXL_Controlled_Study_Results\02_SDXL_Production\sdxl_merged_2080\S00278.png,png,9730
results\SDXL_Controlled_Study_Results\02_SDXL_Production\sdxl_merged_2080\S00279.png,png,7540
results\SDXL_Controlled_Study_Results\02_SDXL_Production\sdxl_merged_2080\S00280.png,png,9903
results\SDXL_Controlled_Study_Results\02_SDXL_Production\sdxl_merged_2080\S00281.png,png,7000
results\SDXL_Controlled_Study_Results\02_SDXL_Production\sdxl_merged_2080\S00282.png,png,9245
results\SDXL_Controlled_Study_Results\02_SDXL_Production\sdxl_merged_2080\S00283.png,png,8841
results\SDXL_Controlled_Study_Results\02_SDXL_Production\sdxl_merged_2080\S00284.png,png,8102
results\SDXL_Controlled_Study_Results\02_SDXL_Production\sdxl_merged_2080\S00285.png,png,10298
results\SDXL_Controlled_Study_Results\02_SDXL_Production\sdxl_merged_2080\S00286.png,png,9621
results\SDXL_Controlled_Study_Results\02_SDXL_Production\sdxl_merged_2080\S00287.png,png,7955
results\SDXL_Controlled_Study_Results\02_SDXL_Production\sdxl_merged_2080\S00288.png,png,8429
results\SDXL_Controlled_Study_Results\02_SDXL_Production\sdxl_merged_2080\S00289.png,png,7982
results\SDXL_Controlled_Study_Results\02_SDXL_Production\sdxl_merged_2080\S00290.png,png,7907
results\SDXL_Controlled_Study_Results\02_SDXL_Production\sdxl_merged_2080\S00291.png,png,8287
results\SDXL_Controlled_Study_Results\02_SDXL_Production\sdxl_merged_2080\S00292.png,png,8623
results\SDXL_Controlled_Study_Results\02_SDXL_Production\sdxl_merged_2080\S00293.png,png,8966
results\SDXL_Controlled_Study_Results\02_SDXL_Production\sdxl_merged_2080\S00294.png,png,8331
results\SDXL_Controlled_Study_Results\02_SDXL_Production\sdxl_merged_2080\S00295.png,png,9487
results\SDXL_Controlled_Study_Results\02_SDXL_Production\sdxl_merged_2080\S00296.png,png,6969
results\SDXL_Controlled_Study_Results\02_SDXL_Production\sdxl_merged_2080\S00297.png,png,8189
results\SDXL_Controlled_Study_Results\02_SDXL_Production\sdxl_merged_2080\S00299.png,png,9265
results\SDXL_Controlled_Study_Results\02_SDXL_Production\sdxl_merged_2080\S00300.png,png,7693
results\SDXL_Controlled_Study_Results\02_SDXL_Production\sdxl_merged_2080\S00301.png,png,9477
results\SDXL_Controlled_Study_Results\02_SDXL_Production\sdxl_merged_2080\S00302.png,png,8235
results\SDXL_Controlled_Study_Results\02_SDXL_Production\sdxl_merged_2080\S00303.png,png,9152
results\SDXL_Controlled_Study_Results\02_SDXL_Production\sdxl_merged_2080\S00304.png,png,8657
results\SDXL_Controlled_Study_Results\02_SDXL_Production\sdxl_merged_2080\S00305.png,png,7992
results\SDXL_Controlled_Study_Results\02_SDXL_Production\sdxl_merged_2080\S00307.png,png,9427
results\SDXL_Controlled_Study_Results\02_SDXL_Production\sdxl_merged_2080\S00308.png,png,7476
results\SDXL_Controlled_Study_Results\02_SDXL_Production\sdxl_merged_2080\S00309.png,png,8704
results\SDXL_Controlled_Study_Results\02_SDXL_Production\sdxl_merged_2080\S00310.png,png,8477
results\SDXL_Controlled_Study_Results\02_SDXL_Production\sdxl_merged_2080\S00311.png,png,7536
results\SDXL_Controlled_Study_Results\02_SDXL_Production\sdxl_merged_2080\S00312.png,png,6948
results\SDXL_Controlled_Study_Results\02_SDXL_Production\sdxl_merged_2080\S00313.png,png,7186
results\SDXL_Controlled_Study_Results\02_SDXL_Production\sdxl_merged_2080\S00314.png,png,10127
results\SDXL_Controlled_Study_Results\02_SDXL_Production\sdxl_merged_2080\S00315.png,png,9023
results\SDXL_Controlled_Study_Results\02_SDXL_Production\sdxl_merged_2080\S00316.png,png,9533
results\SDXL_Controlled_Study_Results\02_SDXL_Production\sdxl_merged_2080\S00317.png,png,8097
results\SDXL_Controlled_Study_Results\02_SDXL_Production\sdxl_merged_2080\S00318.png,png,8916
results\SDXL_Controlled_Study_Results\02_SDXL_Production\sdxl_merged_2080\S00319.png,png,7761
results\SDXL_Controlled_Study_Results\02_SDXL_Production\sdxl_merged_2080\S00320.png,png,9343
results\SDXL_Controlled_Study_Results\02_SDXL_Production\sdxl_merged_2080\S00321.png,png,7721
results\SDXL_Controlled_Study_Results\02_SDXL_Production\sdxl_merged_2080\S00322.png,png,8804
results\SDXL_Controlled_Study_Results\02_SDXL_Production\sdxl_merged_2080\S00323.png,png,6698
results\SDXL_Controlled_Study_Results\02_SDXL_Production\sdxl_merged_2080\S00324.png,png,5758
results\SDXL_Controlled_Study_Results\02_SDXL_Production\sdxl_merged_2080\S00325.png,png,6984
results\SDXL_Controlled_Study_Results\02_SDXL_Production\sdxl_merged_2080\S00326.png,png,8835
results\SDXL_Controlled_Study_Results\02_SDXL_Production\sdxl_merged_2080\S00327.png,png,8598
results\SDXL_Controlled_Study_Results\02_SDXL_Production\sdxl_merged_2080\S00328.png,png,9732
results\SDXL_Controlled_Study_Results\02_SDXL_Production\sdxl_merged_2080\S00329.png,png,7656
results\SDXL_Controlled_Study_Results\02_SDXL_Production\sdxl_merged_2080\S00330.png,png,8408
results\SDXL_Controlled_Study_Results\02_SDXL_Production\sdxl_merged_2080\S00331.png,png,8765
results\SDXL_Controlled_Study_Results\02_SDXL_Production\sdxl_merged_2080\S00332.png,png,9073
results\SDXL_Controlled_Study_Results\02_SDXL_Production\sdxl_merged_2080\S00333.png,png,8909
results\SDXL_Controlled_Study_Results\02_SDXL_Production\sdxl_merged_2080\S00334.png,png,7800
results\SDXL_Controlled_Study_Results\02_SDXL_Production\sdxl_merged_2080\S00335.png,png,9248
results\SDXL_Controlled_Study_Results\02_SDXL_Production\sdxl_merged_2080\S00336.png,png,9080
results\SDXL_Controlled_Study_Results\02_SDXL_Production\sdxl_merged_2080\S00337.png,png,7547
results\SDXL_Controlled_Study_Results\02_SDXL_Production\sdxl_merged_2080\S00338.png,png,8957
results\SDXL_Controlled_Study_Results\02_SDXL_Production\sdxl_merged_2080\S00339.png,png,7805
results\SDXL_Controlled_Study_Results\02_SDXL_Production\sdxl_merged_2080\S00341.png,png,9168
results\SDXL_Controlled_Study_Results\02_SDXL_Production\sdxl_merged_2080\S00342.png,png,9030
results\SDXL_Controlled_Study_Results\02_SDXL_Production\sdxl_merged_2080\S00343.png,png,7814
results\SDXL_Controlled_Study_Results\02_SDXL_Production\sdxl_merged_2080\S00344.png,png,9488
results\SDXL_Controlled_Study_Results\02_SDXL_Production\sdxl_merged_2080\S00345.png,png,8498
results\SDXL_Controlled_Study_Results\02_SDXL_Production\sdxl_merged_2080\S00346.png,png,10035
results\SDXL_Controlled_Study_Results\02_SDXL_Production\sdxl_merged_2080\S00347.png,png,9007
results\SDXL_Controlled_Study_Results\02_SDXL_Production\sdxl_merged_2080\S00348.png,png,9438
results\SDXL_Controlled_Study_Results\02_SDXL_Production\sdxl_merged_2080\S00349.png,png,10354
results\SDXL_Controlled_Study_Results\02_SDXL_Production\sdxl_merged_2080\S00350.png,png,8541
results\SDXL_Controlled_Study_Results\02_SDXL_Production\sdxl_merged_2080\S00351.png,png,9596
results\SDXL_Controlled_Study_Results\02_SDXL_Production\sdxl_merged_2080\S00352.png,png,8520
results\SDXL_Controlled_Study_Results\02_SDXL_Production\sdxl_merged_2080\S00353.png,png,7910
results\SDXL_Controlled_Study_Results\02_SDXL_Production\sdxl_merged_2080\S00354.png,png,9066
results\SDXL_Controlled_Study_Results\02_SDXL_Production\sdxl_merged_2080\S00355.png,png,8843
results\SDXL_Controlled_Study_Results\02_SDXL_Production\sdxl_merged_2080\S00356.png,png,7480
results\SDXL_Controlled_Study_Results\02_SDXL_Production\sdxl_merged_2080\S00357.png,png,9717
results\SDXL_Controlled_Study_Results\02_SDXL_Production\sdxl_merged_2080\S00358.png,png,7352
results\SDXL_Controlled_Study_Results\02_SDXL_Production\sdxl_merged_2080\S00359.png,png,8769
results\SDXL_Controlled_Study_Results\02_SDXL_Production\sdxl_merged_2080\S00360.png,png,9147
results\SDXL_Controlled_Study_Results\02_SDXL_Production\sdxl_merged_2080\S00361.png,png,7831
results\SDXL_Controlled_Study_Results\02_SDXL_Production\sdxl_merged_2080\S00362.png,png,8573
results\SDXL_Controlled_Study_Results\02_SDXL_Production\sdxl_merged_2080\S00363.png,png,8732
results\SDXL_Controlled_Study_Results\02_SDXL_Production\sdxl_merged_2080\S00364.png,png,8635
results\SDXL_Controlled_Study_Results\02_SDXL_Production\sdxl_merged_2080\S00365.png,png,8951
results\SDXL_Controlled_Study_Results\02_SDXL_Production\sdxl_merged_2080\S00366.png,png,7816
results\SDXL_Controlled_Study_Results\02_SDXL_Production\sdxl_merged_2080\S00367.png,png,8619
results\SDXL_Controlled_Study_Results\02_SDXL_Production\sdxl_merged_2080\S00368.png,png,7936
results\SDXL_Controlled_Study_Results\02_SDXL_Production\sdxl_merged_2080\S00369.png,png,8840
results\SDXL_Controlled_Study_Results\02_SDXL_Production\sdxl_merged_2080\S00370.png,png,7298
results\SDXL_Controlled_Study_Results\02_SDXL_Production\sdxl_merged_2080\S00371.png,png,8675
results\SDXL_Controlled_Study_Results\02_SDXL_Production\sdxl_merged_2080\S00372.png,png,8193
results\SDXL_Controlled_Study_Results\02_SDXL_Production\sdxl_merged_2080\S00373.png,png,8814
results\SDXL_Controlled_Study_Results\02_SDXL_Production\sdxl_merged_2080\S00374.png,png,7894
results\SDXL_Controlled_Study_Results\02_SDXL_Production\sdxl_merged_2080\S00375.png,png,8881
results\SDXL_Controlled_Study_Results\02_SDXL_Production\sdxl_merged_2080\S00376.png,png,7423
results\SDXL_Controlled_Study_Results\02_SDXL_Production\sdxl_merged_2080\S00377.png,png,9793
results\SDXL_Controlled_Study_Results\02_SDXL_Production\sdxl_merged_2080\S00378.png,png,8791
results\SDXL_Controlled_Study_Results\02_SDXL_Production\sdxl_merged_2080\S00379.png,png,8709
results\SDXL_Controlled_Study_Results\02_SDXL_Production\sdxl_merged_2080\S00380.png,png,9617
results\SDXL_Controlled_Study_Results\02_SDXL_Production\sdxl_merged_2080\S00381.png,png,9493
results\SDXL_Controlled_Study_Results\02_SDXL_Production\sdxl_merged_2080\S00382.png,png,8562
results\SDXL_Controlled_Study_Results\02_SDXL_Production\sdxl_merged_2080\S00383.png,png,10102
results\SDXL_Controlled_Study_Results\02_SDXL_Production\sdxl_merged_2080\S00384.png,png,9156
results\SDXL_Controlled_Study_Results\02_SDXL_Production\sdxl_merged_2080\S00385.png,png,7938
results\SDXL_Controlled_Study_Results\02_SDXL_Production\sdxl_merged_2080\S00386.png,png,7905
results\SDXL_Controlled_Study_Results\02_SDXL_Production\sdxl_merged_2080\S00387.png,png,7975
results\SDXL_Controlled_Study_Results\02_SDXL_Production\sdxl_merged_2080\S00388.png,png,7650
results\SDXL_Controlled_Study_Results\02_SDXL_Production\sdxl_merged_2080\S00389.png,png,7526
results\SDXL_Controlled_Study_Results\02_SDXL_Production\sdxl_merged_2080\S00390.png,png,9035
results\SDXL_Controlled_Study_Results\02_SDXL_Production\sdxl_merged_2080\S00391.png,png,9304
results\SDXL_Controlled_Study_Results\02_SDXL_Production\sdxl_merged_2080\S00392.png,png,7712
results\SDXL_Controlled_Study_Results\02_SDXL_Production\sdxl_merged_2080\S00393.png,png,8091
results\SDXL_Controlled_Study_Results\02_SDXL_Production\sdxl_merged_2080\S00394.png,png,9614
results\SDXL_Controlled_Study_Results\02_SDXL_Production\sdxl_merged_2080\S00395.png,png,10073
results\SDXL_Controlled_Study_Results\02_SDXL_Production\sdxl_merged_2080\S00396.png,png,8540
results\SDXL_Controlled_Study_Results\02_SDXL_Production\sdxl_merged_2080\S00397.png,png,9927
results\SDXL_Controlled_Study_Results\02_SDXL_Production\sdxl_merged_2080\S00398.png,png,9419
results\SDXL_Controlled_Study_Results\02_SDXL_Production\sdxl_merged_2080\S00399.png,png,9404
results\SDXL_Controlled_Study_Results\02_SDXL_Production\sdxl_merged_2080\S00400.png,png,9086
results\SDXL_Controlled_Study_Results\02_SDXL_Production\sdxl_merged_2080\S00401.png,png,7078
results\SDXL_Controlled_Study_Results\02_SDXL_Production\sdxl_merged_2080\S00402.png,png,7832
results\SDXL_Controlled_Study_Results\02_SDXL_Production\sdxl_merged_2080\S00403.png,png,7171
results\SDXL_Controlled_Study_Results\02_SDXL_Production\sdxl_merged_2080\S00404.png,png,8609
results\SDXL_Controlled_Study_Results\02_SDXL_Production\sdxl_merged_2080\S00405.png,png,9128
results\SDXL_Controlled_Study_Results\02_SDXL_Production\sdxl_merged_2080\S00406.png,png,9243
results\SDXL_Controlled_Study_Results\02_SDXL_Production\sdxl_merged_2080\S00407.png,png,8122
results\SDXL_Controlled_Study_Results\02_SDXL_Production\sdxl_merged_2080\S00408.png,png,9463
results\SDXL_Controlled_Study_Results\02_SDXL_Production\sdxl_merged_2080\S00409.png,png,7990
results\SDXL_Controlled_Study_Results\02_SDXL_Production\sdxl_merged_2080\S00410.png,png,8925
results\SDXL_Controlled_Study_Results\02_SDXL_Production\sdxl_merged_2080\S00411.png,png,8680
results\SDXL_Controlled_Study_Results\02_SDXL_Production\sdxl_merged_2080\S00412.png,png,8987
results\SDXL_Controlled_Study_Results\02_SDXL_Production\sdxl_merged_2080\S00413.png,png,9717
results\SDXL_Controlled_Study_Results\02_SDXL_Production\sdxl_merged_2080\S00414.png,png,7397
results\SDXL_Controlled_Study_Results\02_SDXL_Production\sdxl_merged_2080\S00415.png,png,9969
results\SDXL_Controlled_Study_Results\02_SDXL_Production\sdxl_merged_2080\S00416.png,png,8573
results\SDXL_Controlled_Study_Results\02_SDXL_Production\sdxl_merged_2080\S00417.png,png,7511
results\SDXL_Controlled_Study_Results\02_SDXL_Production\sdxl_merged_2080\S00418.png,png,9036
results\SDXL_Controlled_Study_Results\02_SDXL_Production\sdxl_merged_2080\S00419.png,png,8508
results\SDXL_Controlled_Study_Results\02_SDXL_Production\sdxl_merged_2080\S00420.png,png,8339
results\SDXL_Controlled_Study_Results\02_SDXL_Production\sdxl_merged_2080\S00421.png,png,7989
results\SDXL_Controlled_Study_Results\02_SDXL_Production\sdxl_merged_2080\S00422.png,png,9036
results\SDXL_Controlled_Study_Results\02_SDXL_Production\sdxl_merged_2080\S00423.png,png,6102
results\SDXL_Controlled_Study_Results\02_SDXL_Production\sdxl_merged_2080\S00424.png,png,9475
results\SDXL_Controlled_Study_Results\02_SDXL_Production\sdxl_merged_2080\S00425.png,png,7303
results\SDXL_Controlled_Study_Results\02_SDXL_Production\sdxl_merged_2080\S00426.png,png,8626
results\SDXL_Controlled_Study_Results\02_SDXL_Production\sdxl_merged_2080\S00427.png,png,9023
results\SDXL_Controlled_Study_Results\02_SDXL_Production\sdxl_merged_2080\S00428.png,png,8369
results\SDXL_Controlled_Study_Results\02_SDXL_Production\sdxl_merged_2080\S00429.png,png,9420
results\SDXL_Controlled_Study_Results\02_SDXL_Production\sdxl_merged_2080\S00430.png,png,8381
results\SDXL_Controlled_Study_Results\02_SDXL_Production\sdxl_merged_2080\S00431.png,png,8348
results\SDXL_Controlled_Study_Results\02_SDXL_Production\sdxl_merged_2080\S00432.png,png,9056
results\SDXL_Controlled_Study_Results\02_SDXL_Production\sdxl_merged_2080\S00433.png,png,7985
results\SDXL_Controlled_Study_Results\02_SDXL_Production\sdxl_merged_2080\S00434.png,png,7990
results\SDXL_Controlled_Study_Results\02_SDXL_Production\sdxl_merged_2080\S00435.png,png,8427
results\SDXL_Controlled_Study_Results\02_SDXL_Production\sdxl_merged_2080\S00436.png,png,8911
results\SDXL_Controlled_Study_Results\02_SDXL_Production\sdxl_merged_2080\S00437.png,png,8496
results\SDXL_Controlled_Study_Results\02_SDXL_Production\sdxl_merged_2080\S00438.png,png,8151
results\SDXL_Controlled_Study_Results\02_SDXL_Production\sdxl_merged_2080\S00439.png,png,8984
results\SDXL_Controlled_Study_Results\02_SDXL_Production\sdxl_merged_2080\S00440.png,png,9654
results\SDXL_Controlled_Study_Results\02_SDXL_Production\sdxl_merged_2080\S00441.png,png,9875
results\SDXL_Controlled_Study_Results\02_SDXL_Production\sdxl_merged_2080\S00443.png,png,8326
results\SDXL_Controlled_Study_Results\02_SDXL_Production\sdxl_merged_2080\S00444.png,png,8315
results\SDXL_Controlled_Study_Results\02_SDXL_Production\sdxl_merged_2080\S00445.png,png,8364
results\SDXL_Controlled_Study_Results\02_SDXL_Production\sdxl_merged_2080\S00446.png,png,8794
results\SDXL_Controlled_Study_Results\02_SDXL_Production\sdxl_merged_2080\S00447.png,png,8568
results\SDXL_Controlled_Study_Results\02_SDXL_Production\sdxl_merged_2080\S00448.png,png,10064
results\SDXL_Controlled_Study_Results\02_SDXL_Production\sdxl_merged_2080\S00449.png,png,9020
results\SDXL_Controlled_Study_Results\02_SDXL_Production\sdxl_merged_2080\S00450.png,png,9209
results\SDXL_Controlled_Study_Results\02_SDXL_Production\sdxl_merged_2080\S00451.png,png,8663
results\SDXL_Controlled_Study_Results\02_SDXL_Production\sdxl_merged_2080\S00452.png,png,7571
results\SDXL_Controlled_Study_Results\02_SDXL_Production\sdxl_merged_2080\S00453.png,png,8999
results\SDXL_Controlled_Study_Results\02_SDXL_Production\sdxl_merged_2080\S00454.png,png,7800
results\SDXL_Controlled_Study_Results\02_SDXL_Production\sdxl_merged_2080\S00455.png,png,8067
results\SDXL_Controlled_Study_Results\02_SDXL_Production\sdxl_merged_2080\S00456.png,png,7088
results\SDXL_Controlled_Study_Results\02_SDXL_Production\sdxl_merged_2080\S00457.png,png,8499
results\SDXL_Controlled_Study_Results\02_SDXL_Production\sdxl_merged_2080\S00458.png,png,9252
results\SDXL_Controlled_Study_Results\02_SDXL_Production\sdxl_merged_2080\S00459.png,png,10453
results\SDXL_Controlled_Study_Results\02_SDXL_Production\sdxl_merged_2080\S00460.png,png,8598
results\SDXL_Controlled_Study_Results\02_SDXL_Production\sdxl_merged_2080\S00461.png,png,8714
results\SDXL_Controlled_Study_Results\02_SDXL_Production\sdxl_merged_2080\S00462.png,png,7076
results\SDXL_Controlled_Study_Results\02_SDXL_Production\sdxl_merged_2080\S00463.png,png,8886
results\SDXL_Controlled_Study_Results\02_SDXL_Production\sdxl_merged_2080\S00464.png,png,8702
results\SDXL_Controlled_Study_Results\02_SDXL_Production\sdxl_merged_2080\S00465.png,png,7544
results\SDXL_Controlled_Study_Results\02_SDXL_Production\sdxl_merged_2080\S00466.png,png,7553
results\SDXL_Controlled_Study_Results\02_SDXL_Production\sdxl_merged_2080\S00467.png,png,7880
results\SDXL_Controlled_Study_Results\02_SDXL_Production\sdxl_merged_2080\S00468.png,png,6801
results\SDXL_Controlled_Study_Results\02_SDXL_Production\sdxl_merged_2080\S00469.png,png,8333
results\SDXL_Controlled_Study_Results\02_SDXL_Production\sdxl_merged_2080\S00470.png,png,9863
results\SDXL_Controlled_Study_Results\02_SDXL_Production\sdxl_merged_2080\S00471.png,png,8393
results\SDXL_Controlled_Study_Results\02_SDXL_Production\sdxl_merged_2080\S00472.png,png,8649
results\SDXL_Controlled_Study_Results\02_SDXL_Production\sdxl_merged_2080\S00473.png,png,9758
results\SDXL_Controlled_Study_Results\02_SDXL_Production\sdxl_merged_2080\S00474.png,png,9359
results\SDXL_Controlled_Study_Results\02_SDXL_Production\sdxl_merged_2080\S00475.png,png,9118
results\SDXL_Controlled_Study_Results\02_SDXL_Production\sdxl_merged_2080\S00476.png,png,8166
results\SDXL_Controlled_Study_Results\02_SDXL_Production\sdxl_merged_2080\S00477.png,png,9605
results\SDXL_Controlled_Study_Results\02_SDXL_Production\sdxl_merged_2080\S00478.png,png,8912
results\SDXL_Controlled_Study_Results\02_SDXL_Production\sdxl_merged_2080\S00479.png,png,7568
results\SDXL_Controlled_Study_Results\02_SDXL_Production\sdxl_merged_2080\S00480.png,png,9886
results\SDXL_Controlled_Study_Results\02_SDXL_Production\sdxl_merged_2080\S00481.png,png,8031
results\SDXL_Controlled_Study_Results\02_SDXL_Production\sdxl_merged_2080\S00482.png,png,7956
results\SDXL_Controlled_Study_Results\02_SDXL_Production\sdxl_merged_2080\S00483.png,png,8337
results\SDXL_Controlled_Study_Results\02_SDXL_Production\sdxl_merged_2080\S00484.png,png,7786
results\SDXL_Controlled_Study_Results\02_SDXL_Production\sdxl_merged_2080\S00485.png,png,9190
results\SDXL_Controlled_Study_Results\02_SDXL_Production\sdxl_merged_2080\S00486.png,png,9234
results\SDXL_Controlled_Study_Results\02_SDXL_Production\sdxl_merged_2080\S00487.png,png,8333
results\SDXL_Controlled_Study_Results\02_SDXL_Production\sdxl_merged_2080\S00488.png,png,9820
results\SDXL_Controlled_Study_Results\02_SDXL_Production\sdxl_merged_2080\S00489.png,png,8489
results\SDXL_Controlled_Study_Results\02_SDXL_Production\sdxl_merged_2080\S00490.png,png,8635
results\SDXL_Controlled_Study_Results\02_SDXL_Production\sdxl_merged_2080\S00491.png,png,10674
results\SDXL_Controlled_Study_Results\02_SDXL_Production\sdxl_merged_2080\S00492.png,png,8282
results\SDXL_Controlled_Study_Results\02_SDXL_Production\sdxl_merged_2080\S00493.png,png,9218
results\SDXL_Controlled_Study_Results\02_SDXL_Production\sdxl_merged_2080\S00494.png,png,8798
results\SDXL_Controlled_Study_Results\02_SDXL_Production\sdxl_merged_2080\S00495.png,png,9311
results\SDXL_Controlled_Study_Results\02_SDXL_Production\sdxl_merged_2080\S00496.png,png,8964
results\SDXL_Controlled_Study_Results\02_SDXL_Production\sdxl_merged_2080\S00497.png,png,8191
results\SDXL_Controlled_Study_Results\02_SDXL_Production\sdxl_merged_2080\S00498.png,png,7959
results\SDXL_Controlled_Study_Results\02_SDXL_Production\sdxl_merged_2080\S00499.png,png,8937
results\SDXL_Controlled_Study_Results\02_SDXL_Production\sdxl_merged_2080\S00500.png,png,8184
results\SDXL_Controlled_Study_Results\02_SDXL_Production\sdxl_merged_2080\S00501.png,png,9490
results\SDXL_Controlled_Study_Results\02_SDXL_Production\sdxl_merged_2080\S00502.png,png,8952
results\SDXL_Controlled_Study_Results\02_SDXL_Production\sdxl_merged_2080\S00503.png,png,8206
results\SDXL_Controlled_Study_Results\02_SDXL_Production\sdxl_merged_2080\S00504.png,png,7845
results\SDXL_Controlled_Study_Results\02_SDXL_Production\sdxl_merged_2080\S00505.png,png,8560
results\SDXL_Controlled_Study_Results\02_SDXL_Production\sdxl_merged_2080\S00506.png,png,9348
results\SDXL_Controlled_Study_Results\02_SDXL_Production\sdxl_merged_2080\S00507.png,png,9366
results\SDXL_Controlled_Study_Results\02_SDXL_Production\sdxl_merged_2080\S00508.png,png,9248
results\SDXL_Controlled_Study_Results\02_SDXL_Production\sdxl_merged_2080\S00509.png,png,9418
results\SDXL_Controlled_Study_Results\02_SDXL_Production\sdxl_merged_2080\S00510.png,png,7572
results\SDXL_Controlled_Study_Results\02_SDXL_Production\sdxl_merged_2080\S00511.png,png,9126
results\SDXL_Controlled_Study_Results\02_SDXL_Production\sdxl_merged_2080\S00513.png,png,8207
results\SDXL_Controlled_Study_Results\02_SDXL_Production\sdxl_merged_2080\S00514.png,png,9494
results\SDXL_Controlled_Study_Results\02_SDXL_Production\sdxl_merged_2080\S00515.png,png,7316
results\SDXL_Controlled_Study_Results\02_SDXL_Production\sdxl_merged_2080\S00516.png,png,6943
results\SDXL_Controlled_Study_Results\02_SDXL_Production\sdxl_merged_2080\S00517.png,png,8971
results\SDXL_Controlled_Study_Results\02_SDXL_Production\sdxl_merged_2080\S00518.png,png,9527
results\SDXL_Controlled_Study_Results\02_SDXL_Production\sdxl_merged_2080\S00519.png,png,9733
results\SDXL_Controlled_Study_Results\02_SDXL_Production\sdxl_merged_2080\S00520.png,png,9202
results\SDXL_Controlled_Study_Results\02_SDXL_Production\sdxl_merged_2080\S00522.png,png,9862
results\SDXL_Controlled_Study_Results\02_SDXL_Production\sdxl_merged_2080\S00523.png,png,10480
results\SDXL_Controlled_Study_Results\02_SDXL_Production\sdxl_merged_2080\S00524.png,png,7502
results\SDXL_Controlled_Study_Results\02_SDXL_Production\sdxl_merged_2080\S00525.png,png,9776
results\SDXL_Controlled_Study_Results\02_SDXL_Production\sdxl_merged_2080\S00526.png,png,9472
results\SDXL_Controlled_Study_Results\02_SDXL_Production\sdxl_merged_2080\S00527.png,png,9723
results\SDXL_Controlled_Study_Results\02_SDXL_Production\sdxl_merged_2080\S00528.png,png,8660
results\SDXL_Controlled_Study_Results\02_SDXL_Production\sdxl_merged_2080\S00529.png,png,7248
results\SDXL_Controlled_Study_Results\02_SDXL_Production\sdxl_merged_2080\S00530.png,png,8485
results\SDXL_Controlled_Study_Results\02_SDXL_Production\sdxl_merged_2080\S00531.png,png,9147
results\SDXL_Controlled_Study_Results\02_SDXL_Production\sdxl_merged_2080\S00532.png,png,8881
results\SDXL_Controlled_Study_Results\02_SDXL_Production\sdxl_merged_2080\S00533.png,png,8783
results\SDXL_Controlled_Study_Results\02_SDXL_Production\sdxl_merged_2080\S00534.png,png,10060
results\SDXL_Controlled_Study_Results\02_SDXL_Production\sdxl_merged_2080\S00535.png,png,8005
results\SDXL_Controlled_Study_Results\02_SDXL_Production\sdxl_merged_2080\S00536.png,png,8701
results\SDXL_Controlled_Study_Results\02_SDXL_Production\sdxl_merged_2080\S00537.png,png,6114
results\SDXL_Controlled_Study_Results\02_SDXL_Production\sdxl_merged_2080\S00538.png,png,7762
results\SDXL_Controlled_Study_Results\02_SDXL_Production\sdxl_merged_2080\S00539.png,png,9415
results\SDXL_Controlled_Study_Results\02_SDXL_Production\sdxl_merged_2080\S00540.png,png,8983
results\SDXL_Controlled_Study_Results\02_SDXL_Production\sdxl_merged_2080\S00541.png,png,8223
results\SDXL_Controlled_Study_Results\02_SDXL_Production\sdxl_merged_2080\S00542.png,png,8534
results\SDXL_Controlled_Study_Results\02_SDXL_Production\sdxl_merged_2080\S00543.png,png,8651
results\SDXL_Controlled_Study_Results\02_SDXL_Production\sdxl_merged_2080\S00544.png,png,9880
results\SDXL_Controlled_Study_Results\02_SDXL_Production\sdxl_merged_2080\S00545.png,png,9082
results\SDXL_Controlled_Study_Results\02_SDXL_Production\sdxl_merged_2080\S00546.png,png,6724
results\SDXL_Controlled_Study_Results\02_SDXL_Production\sdxl_merged_2080\S00547.png,png,7870
results\SDXL_Controlled_Study_Results\02_SDXL_Production\sdxl_merged_2080\S00548.png,png,8175
results\SDXL_Controlled_Study_Results\02_SDXL_Production\sdxl_merged_2080\S00549.png,png,9410
results\SDXL_Controlled_Study_Results\02_SDXL_Production\sdxl_merged_2080\S00550.png,png,9016
results\SDXL_Controlled_Study_Results\02_SDXL_Production\sdxl_merged_2080\S00551.png,png,7791
results\SDXL_Controlled_Study_Results\02_SDXL_Production\sdxl_merged_2080\S00552.png,png,8517
results\SDXL_Controlled_Study_Results\02_SDXL_Production\sdxl_merged_2080\S00554.png,png,9681
results\SDXL_Controlled_Study_Results\02_SDXL_Production\sdxl_merged_2080\S00555.png,png,9811
results\SDXL_Controlled_Study_Results\02_SDXL_Production\sdxl_merged_2080\S00556.png,png,9039
results\SDXL_Controlled_Study_Results\02_SDXL_Production\sdxl_merged_2080\S00557.png,png,10103
results\SDXL_Controlled_Study_Results\02_SDXL_Production\sdxl_merged_2080\S00558.png,png,8954
results\SDXL_Controlled_Study_Results\02_SDXL_Production\sdxl_merged_2080\S00559.png,png,9459
results\SDXL_Controlled_Study_Results\02_SDXL_Production\sdxl_merged_2080\S00560.png,png,8857
results\SDXL_Controlled_Study_Results\02_SDXL_Production\sdxl_merged_2080\S00561.png,png,8343
results\SDXL_Controlled_Study_Results\02_SDXL_Production\sdxl_merged_2080\S00562.png,png,7504
results\SDXL_Controlled_Study_Results\02_SDXL_Production\sdxl_merged_2080\S00563.png,png,9012
results\SDXL_Controlled_Study_Results\02_SDXL_Production\sdxl_merged_2080\S00564.png,png,8401
results\SDXL_Controlled_Study_Results\02_SDXL_Production\sdxl_merged_2080\S00565.png,png,9070
results\SDXL_Controlled_Study_Results\02_SDXL_Production\sdxl_merged_2080\S00566.png,png,7823
results\SDXL_Controlled_Study_Results\02_SDXL_Production\sdxl_merged_2080\S00567.png,png,9957
results\SDXL_Controlled_Study_Results\02_SDXL_Production\sdxl_merged_2080\S00568.png,png,9062
results\SDXL_Controlled_Study_Results\02_SDXL_Production\sdxl_merged_2080\S00570.png,png,9534
results\SDXL_Controlled_Study_Results\02_SDXL_Production\sdxl_merged_2080\S00571.png,png,9338
results\SDXL_Controlled_Study_Results\02_SDXL_Production\sdxl_merged_2080\S00572.png,png,7827
results\SDXL_Controlled_Study_Results\02_SDXL_Production\sdxl_merged_2080\S00573.png,png,9344
results\SDXL_Controlled_Study_Results\02_SDXL_Production\sdxl_merged_2080\S00574.png,png,7688
results\SDXL_Controlled_Study_Results\02_SDXL_Production\sdxl_merged_2080\S00575.png,png,9453
results\SDXL_Controlled_Study_Results\02_SDXL_Production\sdxl_merged_2080\S00576.png,png,8479
results\SDXL_Controlled_Study_Results\02_SDXL_Production\sdxl_merged_2080\S00577.png,png,7653
results\SDXL_Controlled_Study_Results\02_SDXL_Production\sdxl_merged_2080\S00578.png,png,6969
results\SDXL_Controlled_Study_Results\02_SDXL_Production\sdxl_merged_2080\S00579.png,png,8604
results\SDXL_Controlled_Study_Results\02_SDXL_Production\sdxl_merged_2080\S00580.png,png,6858
results\SDXL_Controlled_Study_Results\02_SDXL_Production\sdxl_merged_2080\S00581.png,png,9300
results\SDXL_Controlled_Study_Results\02_SDXL_Production\sdxl_merged_2080\S00582.png,png,9895
results\SDXL_Controlled_Study_Results\02_SDXL_Production\sdxl_merged_2080\S00583.png,png,9270
results\SDXL_Controlled_Study_Results\02_SDXL_Production\sdxl_merged_2080\S00584.png,png,7153
results\SDXL_Controlled_Study_Results\02_SDXL_Production\sdxl_merged_2080\S00585.png,png,8564
results\SDXL_Controlled_Study_Results\02_SDXL_Production\sdxl_merged_2080\S00586.png,png,9898
results\SDXL_Controlled_Study_Results\02_SDXL_Production\sdxl_merged_2080\S00587.png,png,8624
results\SDXL_Controlled_Study_Results\02_SDXL_Production\sdxl_merged_2080\S00588.png,png,8554
results\SDXL_Controlled_Study_Results\02_SDXL_Production\sdxl_merged_2080\S00589.png,png,10450
results\SDXL_Controlled_Study_Results\02_SDXL_Production\sdxl_merged_2080\S00590.png,png,8999
results\SDXL_Controlled_Study_Results\02_SDXL_Production\sdxl_merged_2080\S00591.png,png,9131
results\SDXL_Controlled_Study_Results\02_SDXL_Production\sdxl_merged_2080\S00592.png,png,10152
results\SDXL_Controlled_Study_Results\02_SDXL_Production\sdxl_merged_2080\S00593.png,png,7487
results\SDXL_Controlled_Study_Results\02_SDXL_Production\sdxl_merged_2080\S00594.png,png,8478
results\SDXL_Controlled_Study_Results\02_SDXL_Production\sdxl_merged_2080\S00595.png,png,7154
results\SDXL_Controlled_Study_Results\02_SDXL_Production\sdxl_merged_2080\S00596.png,png,8362
results\SDXL_Controlled_Study_Results\02_SDXL_Production\sdxl_merged_2080\S00597.png,png,9192
results\SDXL_Controlled_Study_Results\02_SDXL_Production\sdxl_merged_2080\S00598.png,png,8419
results\SDXL_Controlled_Study_Results\02_SDXL_Production\sdxl_merged_2080\S00599.png,png,7745
results\SDXL_Controlled_Study_Results\02_SDXL_Production\sdxl_merged_2080\S00600.png,png,9520
results\SDXL_Controlled_Study_Results\02_SDXL_Production\sdxl_merged_2080\S00602.png,png,8401
results\SDXL_Controlled_Study_Results\02_SDXL_Production\sdxl_merged_2080\S00603.png,png,9643
results\SDXL_Controlled_Study_Results\02_SDXL_Production\sdxl_merged_2080\S00604.png,png,9448
results\SDXL_Controlled_Study_Results\02_SDXL_Production\sdxl_merged_2080\S00606.png,png,7742
results\SDXL_Controlled_Study_Results\02_SDXL_Production\sdxl_merged_2080\S00607.png,png,7933
results\SDXL_Controlled_Study_Results\02_SDXL_Production\sdxl_merged_2080\S00608.png,png,7510
results\SDXL_Controlled_Study_Results\02_SDXL_Production\sdxl_merged_2080\S00609.png,png,8953
results\SDXL_Controlled_Study_Results\02_SDXL_Production\sdxl_merged_2080\S00610.png,png,8782
results\SDXL_Controlled_Study_Results\02_SDXL_Production\sdxl_merged_2080\S00611.png,png,7427
results\SDXL_Controlled_Study_Results\02_SDXL_Production\sdxl_merged_2080\S00612.png,png,7395
results\SDXL_Controlled_Study_Results\02_SDXL_Production\sdxl_merged_2080\S00613.png,png,10287
results\SDXL_Controlled_Study_Results\02_SDXL_Production\sdxl_merged_2080\S00614.png,png,7969
results\SDXL_Controlled_Study_Results\02_SDXL_Production\sdxl_merged_2080\S00615.png,png,7412
results\SDXL_Controlled_Study_Results\02_SDXL_Production\sdxl_merged_2080\S00616.png,png,9606
results\SDXL_Controlled_Study_Results\02_SDXL_Production\sdxl_merged_2080\S00617.png,png,7481
results\SDXL_Controlled_Study_Results\02_SDXL_Production\sdxl_merged_2080\S00618.png,png,9485
results\SDXL_Controlled_Study_Results\02_SDXL_Production\sdxl_merged_2080\S00619.png,png,8895
results\SDXL_Controlled_Study_Results\02_SDXL_Production\sdxl_merged_2080\S00620.png,png,8260
results\SDXL_Controlled_Study_Results\02_SDXL_Production\sdxl_merged_2080\S00621.png,png,9827
results\SDXL_Controlled_Study_Results\02_SDXL_Production\sdxl_merged_2080\S00622.png,png,8395
results\SDXL_Controlled_Study_Results\02_SDXL_Production\sdxl_merged_2080\S00623.png,png,8509
results\SDXL_Controlled_Study_Results\02_SDXL_Production\sdxl_merged_2080\S00624.png,png,8418
results\SDXL_Controlled_Study_Results\02_SDXL_Production\sdxl_merged_2080\S00625.png,png,7218
results\SDXL_Controlled_Study_Results\02_SDXL_Production\sdxl_merged_2080\S00626.png,png,9321
results\SDXL_Controlled_Study_Results\02_SDXL_Production\sdxl_merged_2080\S00627.png,png,7108
results\SDXL_Controlled_Study_Results\02_SDXL_Production\sdxl_merged_2080\S00628.png,png,7761
results\SDXL_Controlled_Study_Results\02_SDXL_Production\sdxl_merged_2080\S00629.png,png,8182
results\SDXL_Controlled_Study_Results\02_SDXL_Production\sdxl_merged_2080\S00630.png,png,8298
results\SDXL_Controlled_Study_Results\02_SDXL_Production\sdxl_merged_2080\S00631.png,png,6263
results\SDXL_Controlled_Study_Results\02_SDXL_Production\sdxl_merged_2080\S00632.png,png,7745
results\SDXL_Controlled_Study_Results\02_SDXL_Production\sdxl_merged_2080\S00633.png,png,8418
results\SDXL_Controlled_Study_Results\02_SDXL_Production\sdxl_merged_2080\S00634.png,png,8668
results\SDXL_Controlled_Study_Results\02_SDXL_Production\sdxl_merged_2080\S00635.png,png,10559
results\SDXL_Controlled_Study_Results\02_SDXL_Production\sdxl_merged_2080\S00636.png,png,8011
results\SDXL_Controlled_Study_Results\02_SDXL_Production\sdxl_merged_2080\S00637.png,png,10050
results\SDXL_Controlled_Study_Results\02_SDXL_Production\sdxl_merged_2080\S00638.png,png,9553
results\SDXL_Controlled_Study_Results\02_SDXL_Production\sdxl_merged_2080\S00639.png,png,9376
results\SDXL_Controlled_Study_Results\02_SDXL_Production\sdxl_merged_2080\S00640.png,png,9583
results\SDXL_Controlled_Study_Results\02_SDXL_Production\sdxl_merged_2080\S00641.png,png,7917
results\SDXL_Controlled_Study_Results\02_SDXL_Production\sdxl_merged_2080\S00642.png,png,8231
results\SDXL_Controlled_Study_Results\02_SDXL_Production\sdxl_merged_2080\S00643.png,png,7848
results\SDXL_Controlled_Study_Results\02_SDXL_Production\sdxl_merged_2080\S00644.png,png,7222
results\SDXL_Controlled_Study_Results\02_SDXL_Production\sdxl_merged_2080\S00645.png,png,9402
results\SDXL_Controlled_Study_Results\02_SDXL_Production\sdxl_merged_2080\S00646.png,png,8669
results\SDXL_Controlled_Study_Results\02_SDXL_Production\sdxl_merged_2080\S00647.png,png,8853
results\SDXL_Controlled_Study_Results\02_SDXL_Production\sdxl_merged_2080\S00648.png,png,9036
results\SDXL_Controlled_Study_Results\02_SDXL_Production\sdxl_merged_2080\S00649.png,png,8964
results\SDXL_Controlled_Study_Results\02_SDXL_Production\sdxl_merged_2080\S00650.png,png,9799
results\SDXL_Controlled_Study_Results\02_SDXL_Production\sdxl_merged_2080\S00651.png,png,9582
results\SDXL_Controlled_Study_Results\02_SDXL_Production\sdxl_merged_2080\S00652.png,png,7055
results\SDXL_Controlled_Study_Results\02_SDXL_Production\sdxl_merged_2080\S00653.png,png,9072
results\SDXL_Controlled_Study_Results\02_SDXL_Production\sdxl_merged_2080\S00654.png,png,7614
results\SDXL_Controlled_Study_Results\02_SDXL_Production\sdxl_merged_2080\S00655.png,png,7168
results\SDXL_Controlled_Study_Results\02_SDXL_Production\sdxl_merged_2080\S00656.png,png,8388
results\SDXL_Controlled_Study_Results\02_SDXL_Production\sdxl_merged_2080\S00657.png,png,7255
results\SDXL_Controlled_Study_Results\02_SDXL_Production\sdxl_merged_2080\S00658.png,png,7387
results\SDXL_Controlled_Study_Results\02_SDXL_Production\sdxl_merged_2080\S00659.png,png,9011
results\SDXL_Controlled_Study_Results\02_SDXL_Production\sdxl_merged_2080\S00660.png,png,7350
results\SDXL_Controlled_Study_Results\02_SDXL_Production\sdxl_merged_2080\S00661.png,png,7544
results\SDXL_Controlled_Study_Results\02_SDXL_Production\sdxl_merged_2080\S00662.png,png,8455
results\SDXL_Controlled_Study_Results\02_SDXL_Production\sdxl_merged_2080\S00663.png,png,8991
results\SDXL_Controlled_Study_Results\02_SDXL_Production\sdxl_merged_2080\S00664.png,png,9533
results\SDXL_Controlled_Study_Results\02_SDXL_Production\sdxl_merged_2080\S00666.png,png,8833
results\SDXL_Controlled_Study_Results\02_SDXL_Production\sdxl_merged_2080\S00667.png,png,9150
results\SDXL_Controlled_Study_Results\02_SDXL_Production\sdxl_merged_2080\S00668.png,png,8138
results\SDXL_Controlled_Study_Results\02_SDXL_Production\sdxl_merged_2080\S00669.png,png,9392
results\SDXL_Controlled_Study_Results\02_SDXL_Production\sdxl_merged_2080\S00670.png,png,8731
results\SDXL_Controlled_Study_Results\02_SDXL_Production\sdxl_merged_2080\S00671.png,png,8986
results\SDXL_Controlled_Study_Results\02_SDXL_Production\sdxl_merged_2080\S00672.png,png,9300
results\SDXL_Controlled_Study_Results\02_SDXL_Production\sdxl_merged_2080\S00673.png,png,8184
results\SDXL_Controlled_Study_Results\02_SDXL_Production\sdxl_merged_2080\S00674.png,png,7368
results\SDXL_Controlled_Study_Results\02_SDXL_Production\sdxl_merged_2080\S00675.png,png,8164
results\SDXL_Controlled_Study_Results\02_SDXL_Production\sdxl_merged_2080\S00676.png,png,8140
results\SDXL_Controlled_Study_Results\02_SDXL_Production\sdxl_merged_2080\S00677.png,png,8971
results\SDXL_Controlled_Study_Results\02_SDXL_Production\sdxl_merged_2080\S00678.png,png,9535
results\SDXL_Controlled_Study_Results\02_SDXL_Production\sdxl_merged_2080\S00679.png,png,8711
results\SDXL_Controlled_Study_Results\02_SDXL_Production\sdxl_merged_2080\S00680.png,png,7906
results\SDXL_Controlled_Study_Results\02_SDXL_Production\sdxl_merged_2080\S00681.png,png,7228
results\SDXL_Controlled_Study_Results\02_SDXL_Production\sdxl_merged_2080\S00682.png,png,8849
results\SDXL_Controlled_Study_Results\02_SDXL_Production\sdxl_merged_2080\S00683.png,png,9506
results\SDXL_Controlled_Study_Results\02_SDXL_Production\sdxl_merged_2080\S00684.png,png,8666
results\SDXL_Controlled_Study_Results\02_SDXL_Production\sdxl_merged_2080\S00685.png,png,9185
results\SDXL_Controlled_Study_Results\02_SDXL_Production\sdxl_merged_2080\S00686.png,png,8877
results\SDXL_Controlled_Study_Results\02_SDXL_Production\sdxl_merged_2080\S00687.png,png,7895
results\SDXL_Controlled_Study_Results\02_SDXL_Production\sdxl_merged_2080\S00688.png,png,8286
results\SDXL_Controlled_Study_Results\02_SDXL_Production\sdxl_merged_2080\S00689.png,png,8020
results\SDXL_Controlled_Study_Results\02_SDXL_Production\sdxl_merged_2080\S00690.png,png,8752
results\SDXL_Controlled_Study_Results\02_SDXL_Production\sdxl_merged_2080\S00691.png,png,8017
results\SDXL_Controlled_Study_Results\02_SDXL_Production\sdxl_merged_2080\S00693.png,png,10397
results\SDXL_Controlled_Study_Results\02_SDXL_Production\sdxl_merged_2080\S00694.png,png,9308
results\SDXL_Controlled_Study_Results\02_SDXL_Production\sdxl_merged_2080\S00695.png,png,10241
results\SDXL_Controlled_Study_Results\02_SDXL_Production\sdxl_merged_2080\S00696.png,png,9978
results\SDXL_Controlled_Study_Results\02_SDXL_Production\sdxl_merged_2080\S00697.png,png,10181
results\SDXL_Controlled_Study_Results\02_SDXL_Production\sdxl_merged_2080\S00698.png,png,9027
results\SDXL_Controlled_Study_Results\02_SDXL_Production\sdxl_merged_2080\S00699.png,png,10059
results\SDXL_Controlled_Study_Results\02_SDXL_Production\sdxl_merged_2080\S00700.png,png,9426
results\SDXL_Controlled_Study_Results\02_SDXL_Production\sdxl_merged_2080\S00701.png,png,9113
results\SDXL_Controlled_Study_Results\02_SDXL_Production\sdxl_merged_2080\S00702.png,png,8423
results\SDXL_Controlled_Study_Results\02_SDXL_Production\sdxl_merged_2080\S00703.png,png,8680
results\SDXL_Controlled_Study_Results\02_SDXL_Production\sdxl_merged_2080\S00704.png,png,9262
results\SDXL_Controlled_Study_Results\02_SDXL_Production\sdxl_merged_2080\S00705.png,png,7300
results\SDXL_Controlled_Study_Results\02_SDXL_Production\sdxl_merged_2080\S00706.png,png,8218
results\SDXL_Controlled_Study_Results\02_SDXL_Production\sdxl_merged_2080\S00707.png,png,7197
results\SDXL_Controlled_Study_Results\02_SDXL_Production\sdxl_merged_2080\S00708.png,png,7304
results\SDXL_Controlled_Study_Results\02_SDXL_Production\sdxl_merged_2080\S00709.png,png,8901
results\SDXL_Controlled_Study_Results\02_SDXL_Production\sdxl_merged_2080\S00710.png,png,8358
results\SDXL_Controlled_Study_Results\02_SDXL_Production\sdxl_merged_2080\S00711.png,png,7537
results\SDXL_Controlled_Study_Results\02_SDXL_Production\sdxl_merged_2080\S00712.png,png,9216
results\SDXL_Controlled_Study_Results\02_SDXL_Production\sdxl_merged_2080\S00713.png,png,8197
results\SDXL_Controlled_Study_Results\02_SDXL_Production\sdxl_merged_2080\S00714.png,png,9116
results\SDXL_Controlled_Study_Results\02_SDXL_Production\sdxl_merged_2080\S00715.png,png,9972
results\SDXL_Controlled_Study_Results\02_SDXL_Production\sdxl_merged_2080\S00716.png,png,8641
results\SDXL_Controlled_Study_Results\02_SDXL_Production\sdxl_merged_2080\S00717.png,png,8529
results\SDXL_Controlled_Study_Results\02_SDXL_Production\sdxl_merged_2080\S00718.png,png,7831
results\SDXL_Controlled_Study_Results\02_SDXL_Production\sdxl_merged_2080\S00719.png,png,9297
results\SDXL_Controlled_Study_Results\02_SDXL_Production\sdxl_merged_2080\S00720.png,png,8437
results\SDXL_Controlled_Study_Results\02_SDXL_Production\sdxl_merged_2080\S00721.png,png,9329
results\SDXL_Controlled_Study_Results\02_SDXL_Production\sdxl_merged_2080\S00722.png,png,7901
results\SDXL_Controlled_Study_Results\02_SDXL_Production\sdxl_merged_2080\S00723.png,png,9062
results\SDXL_Controlled_Study_Results\02_SDXL_Production\sdxl_merged_2080\S00724.png,png,6655
results\SDXL_Controlled_Study_Results\02_SDXL_Production\sdxl_merged_2080\S00725.png,png,7946
results\SDXL_Controlled_Study_Results\02_SDXL_Production\sdxl_merged_2080\S00726.png,png,8587
results\SDXL_Controlled_Study_Results\02_SDXL_Production\sdxl_merged_2080\S00727.png,png,8363
results\SDXL_Controlled_Study_Results\02_SDXL_Production\sdxl_merged_2080\S00728.png,png,9203
results\SDXL_Controlled_Study_Results\02_SDXL_Production\sdxl_merged_2080\S00731.png,png,9573
results\SDXL_Controlled_Study_Results\02_SDXL_Production\sdxl_merged_2080\S00732.png,png,8930
results\SDXL_Controlled_Study_Results\02_SDXL_Production\sdxl_merged_2080\S00733.png,png,9569
results\SDXL_Controlled_Study_Results\02_SDXL_Production\sdxl_merged_2080\S00734.png,png,9420
results\SDXL_Controlled_Study_Results\02_SDXL_Production\sdxl_merged_2080\S00735.png,png,8244
results\SDXL_Controlled_Study_Results\02_SDXL_Production\sdxl_merged_2080\S00736.png,png,8592
results\SDXL_Controlled_Study_Results\02_SDXL_Production\sdxl_merged_2080\S00737.png,png,8682
results\SDXL_Controlled_Study_Results\02_SDXL_Production\sdxl_merged_2080\S00738.png,png,8255
results\SDXL_Controlled_Study_Results\02_SDXL_Production\sdxl_merged_2080\S00739.png,png,9302
results\SDXL_Controlled_Study_Results\02_SDXL_Production\sdxl_merged_2080\S00740.png,png,8260
results\SDXL_Controlled_Study_Results\02_SDXL_Production\sdxl_merged_2080\S00741.png,png,9125
results\SDXL_Controlled_Study_Results\02_SDXL_Production\sdxl_merged_2080\S00742.png,png,9758
results\SDXL_Controlled_Study_Results\02_SDXL_Production\sdxl_merged_2080\S00743.png,png,8542
results\SDXL_Controlled_Study_Results\02_SDXL_Production\sdxl_merged_2080\S00744.png,png,7688
results\SDXL_Controlled_Study_Results\02_SDXL_Production\sdxl_merged_2080\S00745.png,png,9218
results\SDXL_Controlled_Study_Results\02_SDXL_Production\sdxl_merged_2080\S00746.png,png,8898
results\SDXL_Controlled_Study_Results\02_SDXL_Production\sdxl_merged_2080\S00747.png,png,9411
results\SDXL_Controlled_Study_Results\02_SDXL_Production\sdxl_merged_2080\S00748.png,png,8956
results\SDXL_Controlled_Study_Results\02_SDXL_Production\sdxl_merged_2080\S00749.png,png,9903
results\SDXL_Controlled_Study_Results\02_SDXL_Production\sdxl_merged_2080\S00750.png,png,9334
results\SDXL_Controlled_Study_Results\02_SDXL_Production\sdxl_merged_2080\S00751.png,png,10210
results\SDXL_Controlled_Study_Results\02_SDXL_Production\sdxl_merged_2080\S00752.png,png,9375
results\SDXL_Controlled_Study_Results\02_SDXL_Production\sdxl_merged_2080\S00753.png,png,8079
results\SDXL_Controlled_Study_Results\02_SDXL_Production\sdxl_merged_2080\S00754.png,png,8461
results\SDXL_Controlled_Study_Results\02_SDXL_Production\sdxl_merged_2080\S00755.png,png,8983
results\SDXL_Controlled_Study_Results\02_SDXL_Production\sdxl_merged_2080\S00756.png,png,8526
results\SDXL_Controlled_Study_Results\02_SDXL_Production\sdxl_merged_2080\S00757.png,png,8341
results\SDXL_Controlled_Study_Results\02_SDXL_Production\sdxl_merged_2080\S00758.png,png,8967
results\SDXL_Controlled_Study_Results\02_SDXL_Production\sdxl_merged_2080\S00759.png,png,9780
results\SDXL_Controlled_Study_Results\02_SDXL_Production\sdxl_merged_2080\S00760.png,png,9956
results\SDXL_Controlled_Study_Results\02_SDXL_Production\sdxl_merged_2080\S00761.png,png,8524
results\SDXL_Controlled_Study_Results\02_SDXL_Production\sdxl_merged_2080\S00762.png,png,9892
results\SDXL_Controlled_Study_Results\02_SDXL_Production\sdxl_merged_2080\S00763.png,png,10009
results\SDXL_Controlled_Study_Results\02_SDXL_Production\sdxl_merged_2080\S00764.png,png,8740
results\SDXL_Controlled_Study_Results\02_SDXL_Production\sdxl_merged_2080\S00765.png,png,8910
results\SDXL_Controlled_Study_Results\02_SDXL_Production\sdxl_merged_2080\S00766.png,png,8851
results\SDXL_Controlled_Study_Results\02_SDXL_Production\sdxl_merged_2080\S00767.png,png,9673
results\SDXL_Controlled_Study_Results\02_SDXL_Production\sdxl_merged_2080\S00768.png,png,9738
results\SDXL_Controlled_Study_Results\02_SDXL_Production\sdxl_merged_2080\S00769.png,png,9278
results\SDXL_Controlled_Study_Results\02_SDXL_Production\sdxl_merged_2080\S00770.png,png,8559
results\SDXL_Controlled_Study_Results\02_SDXL_Production\sdxl_merged_2080\S00771.png,png,7592
results\SDXL_Controlled_Study_Results\02_SDXL_Production\sdxl_merged_2080\S00772.png,png,8610
results\SDXL_Controlled_Study_Results\02_SDXL_Production\sdxl_merged_2080\S00773.png,png,8809
results\SDXL_Controlled_Study_Results\02_SDXL_Production\sdxl_merged_2080\S00774.png,png,9064
results\SDXL_Controlled_Study_Results\02_SDXL_Production\sdxl_merged_2080\S00775.png,png,8805
results\SDXL_Controlled_Study_Results\02_SDXL_Production\sdxl_merged_2080\S00776.png,png,7914
results\SDXL_Controlled_Study_Results\02_SDXL_Production\sdxl_merged_2080\S00777.png,png,8684
results\SDXL_Controlled_Study_Results\02_SDXL_Production\sdxl_merged_2080\S00778.png,png,10421
results\SDXL_Controlled_Study_Results\02_SDXL_Production\sdxl_merged_2080\S00779.png,png,7876
results\SDXL_Controlled_Study_Results\02_SDXL_Production\sdxl_merged_2080\S00780.png,png,8258
results\SDXL_Controlled_Study_Results\02_SDXL_Production\sdxl_merged_2080\S00781.png,png,9540
results\SDXL_Controlled_Study_Results\02_SDXL_Production\sdxl_merged_2080\S00783.png,png,9262
results\SDXL_Controlled_Study_Results\02_SDXL_Production\sdxl_merged_2080\S00784.png,png,8672
results\SDXL_Controlled_Study_Results\02_SDXL_Production\sdxl_merged_2080\S00785.png,png,8861
results\SDXL_Controlled_Study_Results\02_SDXL_Production\sdxl_merged_2080\S00786.png,png,8097
results\SDXL_Controlled_Study_Results\02_SDXL_Production\sdxl_merged_2080\S00787.png,png,8385
results\SDXL_Controlled_Study_Results\02_SDXL_Production\sdxl_merged_2080\S00788.png,png,8580
results\SDXL_Controlled_Study_Results\02_SDXL_Production\sdxl_merged_2080\S00789.png,png,9920
results\SDXL_Controlled_Study_Results\02_SDXL_Production\sdxl_merged_2080\S00790.png,png,9084
results\SDXL_Controlled_Study_Results\02_SDXL_Production\sdxl_merged_2080\S00791.png,png,6134
results\SDXL_Controlled_Study_Results\02_SDXL_Production\sdxl_merged_2080\S00792.png,png,9025
results\SDXL_Controlled_Study_Results\02_SDXL_Production\sdxl_merged_2080\S00793.png,png,8981
results\SDXL_Controlled_Study_Results\02_SDXL_Production\sdxl_merged_2080\S00794.png,png,9731
results\SDXL_Controlled_Study_Results\02_SDXL_Production\sdxl_merged_2080\S00795.png,png,9402
results\SDXL_Controlled_Study_Results\02_SDXL_Production\sdxl_merged_2080\S00796.png,png,8079
results\SDXL_Controlled_Study_Results\02_SDXL_Production\sdxl_merged_2080\S00797.png,png,8458
results\SDXL_Controlled_Study_Results\02_SDXL_Production\sdxl_merged_2080\S00798.png,png,8173
results\SDXL_Controlled_Study_Results\02_SDXL_Production\sdxl_merged_2080\S00799.png,png,9119
results\SDXL_Controlled_Study_Results\02_SDXL_Production\sdxl_merged_2080\S00800.png,png,9334
results\SDXL_Controlled_Study_Results\02_SDXL_Production\sdxl_merged_2080\S00801.png,png,8991
results\SDXL_Controlled_Study_Results\02_SDXL_Production\sdxl_merged_2080\S00802.png,png,9809
results\SDXL_Controlled_Study_Results\02_SDXL_Production\sdxl_merged_2080\S00803.png,png,7048
results\SDXL_Controlled_Study_Results\02_SDXL_Production\sdxl_merged_2080\S00804.png,png,7528
results\SDXL_Controlled_Study_Results\02_SDXL_Production\sdxl_merged_2080\S00805.png,png,9852
results\SDXL_Controlled_Study_Results\02_SDXL_Production\sdxl_merged_2080\S00806.png,png,9202
results\SDXL_Controlled_Study_Results\02_SDXL_Production\sdxl_merged_2080\S00807.png,png,8775
results\SDXL_Controlled_Study_Results\02_SDXL_Production\sdxl_merged_2080\S00808.png,png,9946
results\SDXL_Controlled_Study_Results\02_SDXL_Production\sdxl_merged_2080\S00809.png,png,6958
results\SDXL_Controlled_Study_Results\02_SDXL_Production\sdxl_merged_2080\S00810.png,png,9700
results\SDXL_Controlled_Study_Results\02_SDXL_Production\sdxl_merged_2080\S00811.png,png,9712
results\SDXL_Controlled_Study_Results\02_SDXL_Production\sdxl_merged_2080\S00812.png,png,8763
results\SDXL_Controlled_Study_Results\02_SDXL_Production\sdxl_merged_2080\S00814.png,png,8592
results\SDXL_Controlled_Study_Results\02_SDXL_Production\sdxl_merged_2080\S00815.png,png,10056
results\SDXL_Controlled_Study_Results\02_SDXL_Production\sdxl_merged_2080\S00816.png,png,7958
results\SDXL_Controlled_Study_Results\02_SDXL_Production\sdxl_merged_2080\S00817.png,png,9042
results\SDXL_Controlled_Study_Results\02_SDXL_Production\sdxl_merged_2080\S00818.png,png,8426
results\SDXL_Controlled_Study_Results\02_SDXL_Production\sdxl_merged_2080\S00819.png,png,8842
results\SDXL_Controlled_Study_Results\02_SDXL_Production\sdxl_merged_2080\S00820.png,png,8827
results\SDXL_Controlled_Study_Results\02_SDXL_Production\sdxl_merged_2080\S00821.png,png,8932
results\SDXL_Controlled_Study_Results\02_SDXL_Production\sdxl_merged_2080\S00822.png,png,9187
results\SDXL_Controlled_Study_Results\02_SDXL_Production\sdxl_merged_2080\S00823.png,png,9221
results\SDXL_Controlled_Study_Results\02_SDXL_Production\sdxl_merged_2080\S00824.png,png,9953
results\SDXL_Controlled_Study_Results\02_SDXL_Production\sdxl_merged_2080\S00826.png,png,8215
results\SDXL_Controlled_Study_Results\02_SDXL_Production\sdxl_merged_2080\S00827.png,png,8691
results\SDXL_Controlled_Study_Results\02_SDXL_Production\sdxl_merged_2080\S00828.png,png,8039
results\SDXL_Controlled_Study_Results\02_SDXL_Production\sdxl_merged_2080\S00829.png,png,9949
results\SDXL_Controlled_Study_Results\02_SDXL_Production\sdxl_merged_2080\S00830.png,png,9273
results\SDXL_Controlled_Study_Results\02_SDXL_Production\sdxl_merged_2080\S00831.png,png,8725
results\SDXL_Controlled_Study_Results\02_SDXL_Production\sdxl_merged_2080\S00832.png,png,8674
results\SDXL_Controlled_Study_Results\02_SDXL_Production\sdxl_merged_2080\S00833.png,png,8225
results\SDXL_Controlled_Study_Results\02_SDXL_Production\sdxl_merged_2080\S00834.png,png,8539
results\SDXL_Controlled_Study_Results\02_SDXL_Production\sdxl_merged_2080\S00835.png,png,8083
results\SDXL_Controlled_Study_Results\02_SDXL_Production\sdxl_merged_2080\S00836.png,png,7815
results\SDXL_Controlled_Study_Results\02_SDXL_Production\sdxl_merged_2080\S00837.png,png,8699
results\SDXL_Controlled_Study_Results\02_SDXL_Production\sdxl_merged_2080\S00838.png,png,9378
results\SDXL_Controlled_Study_Results\02_SDXL_Production\sdxl_merged_2080\S00839.png,png,9139
results\SDXL_Controlled_Study_Results\02_SDXL_Production\sdxl_merged_2080\S00840.png,png,7999
results\SDXL_Controlled_Study_Results\02_SDXL_Production\sdxl_merged_2080\S00841.png,png,7687
results\SDXL_Controlled_Study_Results\02_SDXL_Production\sdxl_merged_2080\S00842.png,png,9783
results\SDXL_Controlled_Study_Results\02_SDXL_Production\sdxl_merged_2080\S00843.png,png,9470
results\SDXL_Controlled_Study_Results\02_SDXL_Production\sdxl_merged_2080\S00844.png,png,9027
results\SDXL_Controlled_Study_Results\02_SDXL_Production\sdxl_merged_2080\S00845.png,png,7051
results\SDXL_Controlled_Study_Results\02_SDXL_Production\sdxl_merged_2080\S00846.png,png,6817
results\SDXL_Controlled_Study_Results\02_SDXL_Production\sdxl_merged_2080\S00847.png,png,9890
results\SDXL_Controlled_Study_Results\02_SDXL_Production\sdxl_merged_2080\S00848.png,png,9982
results\SDXL_Controlled_Study_Results\02_SDXL_Production\sdxl_merged_2080\S00849.png,png,8370
results\SDXL_Controlled_Study_Results\02_SDXL_Production\sdxl_merged_2080\S00850.png,png,7616
results\SDXL_Controlled_Study_Results\02_SDXL_Production\sdxl_merged_2080\S00851.png,png,9014
results\SDXL_Controlled_Study_Results\02_SDXL_Production\sdxl_merged_2080\S00852.png,png,9056
results\SDXL_Controlled_Study_Results\02_SDXL_Production\sdxl_merged_2080\S00853.png,png,9043
results\SDXL_Controlled_Study_Results\02_SDXL_Production\sdxl_merged_2080\S00854.png,png,6716
results\SDXL_Controlled_Study_Results\02_SDXL_Production\sdxl_merged_2080\S00855.png,png,8335
results\SDXL_Controlled_Study_Results\02_SDXL_Production\sdxl_merged_2080\S00856.png,png,8889
results\SDXL_Controlled_Study_Results\02_SDXL_Production\sdxl_merged_2080\S00857.png,png,7208
results\SDXL_Controlled_Study_Results\02_SDXL_Production\sdxl_merged_2080\S00859.png,png,9950
results\SDXL_Controlled_Study_Results\02_SDXL_Production\sdxl_merged_2080\S00860.png,png,9309
results\SDXL_Controlled_Study_Results\02_SDXL_Production\sdxl_merged_2080\S00861.png,png,10274
results\SDXL_Controlled_Study_Results\02_SDXL_Production\sdxl_merged_2080\S00862.png,png,7329
results\SDXL_Controlled_Study_Results\02_SDXL_Production\sdxl_merged_2080\S00863.png,png,8924
results\SDXL_Controlled_Study_Results\02_SDXL_Production\sdxl_merged_2080\S00864.png,png,9025
results\SDXL_Controlled_Study_Results\02_SDXL_Production\sdxl_merged_2080\S00865.png,png,8139
results\SDXL_Controlled_Study_Results\02_SDXL_Production\sdxl_merged_2080\S00866.png,png,6400
results\SDXL_Controlled_Study_Results\02_SDXL_Production\sdxl_merged_2080\S00867.png,png,7818
results\SDXL_Controlled_Study_Results\02_SDXL_Production\sdxl_merged_2080\S00868.png,png,8693
results\SDXL_Controlled_Study_Results\02_SDXL_Production\sdxl_merged_2080\S00869.png,png,9667
results\SDXL_Controlled_Study_Results\02_SDXL_Production\sdxl_merged_2080\S00870.png,png,8616
results\SDXL_Controlled_Study_Results\02_SDXL_Production\sdxl_merged_2080\S00871.png,png,10103
results\SDXL_Controlled_Study_Results\02_SDXL_Production\sdxl_merged_2080\S00872.png,png,8467
results\SDXL_Controlled_Study_Results\02_SDXL_Production\sdxl_merged_2080\S00873.png,png,9219
results\SDXL_Controlled_Study_Results\02_SDXL_Production\sdxl_merged_2080\S00874.png,png,9601
results\SDXL_Controlled_Study_Results\02_SDXL_Production\sdxl_merged_2080\S00875.png,png,9726
results\SDXL_Controlled_Study_Results\02_SDXL_Production\sdxl_merged_2080\S00876.png,png,10040
results\SDXL_Controlled_Study_Results\02_SDXL_Production\sdxl_merged_2080\S00877.png,png,8929
results\SDXL_Controlled_Study_Results\02_SDXL_Production\sdxl_merged_2080\S00878.png,png,7093
results\SDXL_Controlled_Study_Results\02_SDXL_Production\sdxl_merged_2080\S00879.png,png,8116
results\SDXL_Controlled_Study_Results\02_SDXL_Production\sdxl_merged_2080\S00880.png,png,9109
results\SDXL_Controlled_Study_Results\02_SDXL_Production\sdxl_merged_2080\S00881.png,png,8937
results\SDXL_Controlled_Study_Results\02_SDXL_Production\sdxl_merged_2080\S00882.png,png,7878
results\SDXL_Controlled_Study_Results\02_SDXL_Production\sdxl_merged_2080\S00883.png,png,8328
results\SDXL_Controlled_Study_Results\02_SDXL_Production\sdxl_merged_2080\S00884.png,png,7448
results\SDXL_Controlled_Study_Results\02_SDXL_Production\sdxl_merged_2080\S00885.png,png,9620
results\SDXL_Controlled_Study_Results\02_SDXL_Production\sdxl_merged_2080\S00886.png,png,8555
results\SDXL_Controlled_Study_Results\02_SDXL_Production\sdxl_merged_2080\S00887.png,png,8311
results\SDXL_Controlled_Study_Results\02_SDXL_Production\sdxl_merged_2080\S00888.png,png,8526
results\SDXL_Controlled_Study_Results\02_SDXL_Production\sdxl_merged_2080\S00889.png,png,7968
results\SDXL_Controlled_Study_Results\02_SDXL_Production\sdxl_merged_2080\S00890.png,png,10088
results\SDXL_Controlled_Study_Results\02_SDXL_Production\sdxl_merged_2080\S00891.png,png,9925
results\SDXL_Controlled_Study_Results\02_SDXL_Production\sdxl_merged_2080\S00892.png,png,8573
results\SDXL_Controlled_Study_Results\02_SDXL_Production\sdxl_merged_2080\S00893.png,png,8993
results\SDXL_Controlled_Study_Results\02_SDXL_Production\sdxl_merged_2080\S00894.png,png,9194
results\SDXL_Controlled_Study_Results\02_SDXL_Production\sdxl_merged_2080\S00895.png,png,7889
results\SDXL_Controlled_Study_Results\02_SDXL_Production\sdxl_merged_2080\S00896.png,png,8045
results\SDXL_Controlled_Study_Results\02_SDXL_Production\sdxl_merged_2080\S00897.png,png,8669
results\SDXL_Controlled_Study_Results\02_SDXL_Production\sdxl_merged_2080\S00898.png,png,8481
results\SDXL_Controlled_Study_Results\02_SDXL_Production\sdxl_merged_2080\S00899.png,png,7336
results\SDXL_Controlled_Study_Results\02_SDXL_Production\sdxl_merged_2080\S00900.png,png,7373
results\SDXL_Controlled_Study_Results\02_SDXL_Production\sdxl_merged_2080\S00901.png,png,10427
results\SDXL_Controlled_Study_Results\02_SDXL_Production\sdxl_merged_2080\S00902.png,png,8794
results\SDXL_Controlled_Study_Results\02_SDXL_Production\sdxl_merged_2080\S00903.png,png,9433
results\SDXL_Controlled_Study_Results\02_SDXL_Production\sdxl_merged_2080\S00904.png,png,8952
results\SDXL_Controlled_Study_Results\02_SDXL_Production\sdxl_merged_2080\S00906.png,png,9269
results\SDXL_Controlled_Study_Results\02_SDXL_Production\sdxl_merged_2080\S00907.png,png,8781
results\SDXL_Controlled_Study_Results\02_SDXL_Production\sdxl_merged_2080\S00908.png,png,9379
results\SDXL_Controlled_Study_Results\02_SDXL_Production\sdxl_merged_2080\S00909.png,png,10451
results\SDXL_Controlled_Study_Results\02_SDXL_Production\sdxl_merged_2080\S00910.png,png,8681
results\SDXL_Controlled_Study_Results\02_SDXL_Production\sdxl_merged_2080\S00911.png,png,9999
results\SDXL_Controlled_Study_Results\02_SDXL_Production\sdxl_merged_2080\S00912.png,png,8510
results\SDXL_Controlled_Study_Results\02_SDXL_Production\sdxl_merged_2080\S00913.png,png,8815
results\SDXL_Controlled_Study_Results\02_SDXL_Production\sdxl_merged_2080\S00914.png,png,9701
results\SDXL_Controlled_Study_Results\02_SDXL_Production\sdxl_merged_2080\S00915.png,png,8500
results\SDXL_Controlled_Study_Results\02_SDXL_Production\sdxl_merged_2080\S00916.png,png,9037
results\SDXL_Controlled_Study_Results\02_SDXL_Production\sdxl_merged_2080\S00917.png,png,9159
results\SDXL_Controlled_Study_Results\02_SDXL_Production\sdxl_merged_2080\S00918.png,png,9411
results\SDXL_Controlled_Study_Results\02_SDXL_Production\sdxl_merged_2080\S00919.png,png,8468
results\SDXL_Controlled_Study_Results\02_SDXL_Production\sdxl_merged_2080\S00920.png,png,8369
results\SDXL_Controlled_Study_Results\02_SDXL_Production\sdxl_merged_2080\S00921.png,png,9025
results\SDXL_Controlled_Study_Results\02_SDXL_Production\sdxl_merged_2080\S00922.png,png,9750
results\SDXL_Controlled_Study_Results\02_SDXL_Production\sdxl_merged_2080\S00923.png,png,9701
results\SDXL_Controlled_Study_Results\02_SDXL_Production\sdxl_merged_2080\S00924.png,png,8058
results\SDXL_Controlled_Study_Results\02_SDXL_Production\sdxl_merged_2080\S00925.png,png,9914
results\SDXL_Controlled_Study_Results\02_SDXL_Production\sdxl_merged_2080\S00926.png,png,8563
results\SDXL_Controlled_Study_Results\02_SDXL_Production\sdxl_merged_2080\S00927.png,png,8624
results\SDXL_Controlled_Study_Results\02_SDXL_Production\sdxl_merged_2080\S00928.png,png,9301
results\SDXL_Controlled_Study_Results\02_SDXL_Production\sdxl_merged_2080\S00929.png,png,7371
results\SDXL_Controlled_Study_Results\02_SDXL_Production\sdxl_merged_2080\S00930.png,png,7830
results\SDXL_Controlled_Study_Results\02_SDXL_Production\sdxl_merged_2080\S00931.png,png,8393
results\SDXL_Controlled_Study_Results\02_SDXL_Production\sdxl_merged_2080\S00932.png,png,7947
results\SDXL_Controlled_Study_Results\02_SDXL_Production\sdxl_merged_2080\S00933.png,png,10270
results\SDXL_Controlled_Study_Results\02_SDXL_Production\sdxl_merged_2080\S00934.png,png,8239
results\SDXL_Controlled_Study_Results\02_SDXL_Production\sdxl_merged_2080\S00935.png,png,7393
results\SDXL_Controlled_Study_Results\02_SDXL_Production\sdxl_merged_2080\S00936.png,png,7737
results\SDXL_Controlled_Study_Results\02_SDXL_Production\sdxl_merged_2080\S00937.png,png,6033
results\SDXL_Controlled_Study_Results\02_SDXL_Production\sdxl_merged_2080\S00938.png,png,10224
results\SDXL_Controlled_Study_Results\02_SDXL_Production\sdxl_merged_2080\S00939.png,png,9604
results\SDXL_Controlled_Study_Results\02_SDXL_Production\sdxl_merged_2080\S00940.png,png,9180
results\SDXL_Controlled_Study_Results\02_SDXL_Production\sdxl_merged_2080\S00941.png,png,9849
results\SDXL_Controlled_Study_Results\02_SDXL_Production\sdxl_merged_2080\S00943.png,png,9660
results\SDXL_Controlled_Study_Results\02_SDXL_Production\sdxl_merged_2080\S00944.png,png,7375
results\SDXL_Controlled_Study_Results\02_SDXL_Production\sdxl_merged_2080\S00945.png,png,7126
results\SDXL_Controlled_Study_Results\02_SDXL_Production\sdxl_merged_2080\S00946.png,png,7534
results\SDXL_Controlled_Study_Results\02_SDXL_Production\sdxl_merged_2080\S00947.png,png,7017
results\SDXL_Controlled_Study_Results\02_SDXL_Production\sdxl_merged_2080\S00948.png,png,7852
results\SDXL_Controlled_Study_Results\02_SDXL_Production\sdxl_merged_2080\S00949.png,png,8317
results\SDXL_Controlled_Study_Results\02_SDXL_Production\sdxl_merged_2080\S00950.png,png,7780
results\SDXL_Controlled_Study_Results\02_SDXL_Production\sdxl_merged_2080\S00951.png,png,7407
results\SDXL_Controlled_Study_Results\02_SDXL_Production\sdxl_merged_2080\S00952.png,png,9814
results\SDXL_Controlled_Study_Results\02_SDXL_Production\sdxl_merged_2080\S00953.png,png,9348
results\SDXL_Controlled_Study_Results\02_SDXL_Production\sdxl_merged_2080\S00954.png,png,9486
results\SDXL_Controlled_Study_Results\02_SDXL_Production\sdxl_merged_2080\S00955.png,png,9530
results\SDXL_Controlled_Study_Results\02_SDXL_Production\sdxl_merged_2080\S00956.png,png,8355
results\SDXL_Controlled_Study_Results\02_SDXL_Production\sdxl_merged_2080\S00957.png,png,7696
results\SDXL_Controlled_Study_Results\02_SDXL_Production\sdxl_merged_2080\S00958.png,png,7908
results\SDXL_Controlled_Study_Results\02_SDXL_Production\sdxl_merged_2080\S00959.png,png,8783
results\SDXL_Controlled_Study_Results\02_SDXL_Production\sdxl_merged_2080\S00960.png,png,9053
results\SDXL_Controlled_Study_Results\02_SDXL_Production\sdxl_merged_2080\S00961.png,png,8505
results\SDXL_Controlled_Study_Results\02_SDXL_Production\sdxl_merged_2080\S00962.png,png,8634
results\SDXL_Controlled_Study_Results\02_SDXL_Production\sdxl_merged_2080\S00963.png,png,7731
results\SDXL_Controlled_Study_Results\02_SDXL_Production\sdxl_merged_2080\S00964.png,png,6864
results\SDXL_Controlled_Study_Results\02_SDXL_Production\sdxl_merged_2080\S00965.png,png,7982
results\SDXL_Controlled_Study_Results\02_SDXL_Production\sdxl_merged_2080\S00966.png,png,8824
results\SDXL_Controlled_Study_Results\02_SDXL_Production\sdxl_merged_2080\S00967.png,png,8337
results\SDXL_Controlled_Study_Results\02_SDXL_Production\sdxl_merged_2080\S00968.png,png,10471
results\SDXL_Controlled_Study_Results\02_SDXL_Production\sdxl_merged_2080\S00969.png,png,9365
results\SDXL_Controlled_Study_Results\02_SDXL_Production\sdxl_merged_2080\S00970.png,png,8881
results\SDXL_Controlled_Study_Results\02_SDXL_Production\sdxl_merged_2080\S00971.png,png,9674
results\SDXL_Controlled_Study_Results\02_SDXL_Production\sdxl_merged_2080\S00972.png,png,8590
results\SDXL_Controlled_Study_Results\02_SDXL_Production\sdxl_merged_2080\S00973.png,png,9955
results\SDXL_Controlled_Study_Results\02_SDXL_Production\sdxl_merged_2080\S00974.png,png,8709
results\SDXL_Controlled_Study_Results\02_SDXL_Production\sdxl_merged_2080\S00975.png,png,8473
results\SDXL_Controlled_Study_Results\02_SDXL_Production\sdxl_merged_2080\S00976.png,png,10128
results\SDXL_Controlled_Study_Results\02_SDXL_Production\sdxl_merged_2080\S00977.png,png,7606
results\SDXL_Controlled_Study_Results\02_SDXL_Production\sdxl_merged_2080\S00978.png,png,7224
results\SDXL_Controlled_Study_Results\02_SDXL_Production\sdxl_merged_2080\S00979.png,png,9272
results\SDXL_Controlled_Study_Results\02_SDXL_Production\sdxl_merged_2080\S00980.png,png,8055
results\SDXL_Controlled_Study_Results\02_SDXL_Production\sdxl_merged_2080\S00981.png,png,8003
results\SDXL_Controlled_Study_Results\02_SDXL_Production\sdxl_merged_2080\S00982.png,png,9397
results\SDXL_Controlled_Study_Results\02_SDXL_Production\sdxl_merged_2080\S00983.png,png,8477
results\SDXL_Controlled_Study_Results\02_SDXL_Production\sdxl_merged_2080\S00984.png,png,8970
results\SDXL_Controlled_Study_Results\02_SDXL_Production\sdxl_merged_2080\S00985.png,png,7594
results\SDXL_Controlled_Study_Results\02_SDXL_Production\sdxl_merged_2080\S00986.png,png,8856
results\SDXL_Controlled_Study_Results\02_SDXL_Production\sdxl_merged_2080\S00987.png,png,9397
results\SDXL_Controlled_Study_Results\02_SDXL_Production\sdxl_merged_2080\S00988.png,png,8099
results\SDXL_Controlled_Study_Results\02_SDXL_Production\sdxl_merged_2080\S00989.png,png,9114
results\SDXL_Controlled_Study_Results\02_SDXL_Production\sdxl_merged_2080\S00990.png,png,8476
results\SDXL_Controlled_Study_Results\02_SDXL_Production\sdxl_merged_2080\S00991.png,png,9198
results\SDXL_Controlled_Study_Results\02_SDXL_Production\sdxl_merged_2080\S00992.png,png,9470
results\SDXL_Controlled_Study_Results\02_SDXL_Production\sdxl_merged_2080\S00993.png,png,8066
results\SDXL_Controlled_Study_Results\02_SDXL_Production\sdxl_merged_2080\S00994.png,png,8194
results\SDXL_Controlled_Study_Results\02_SDXL_Production\sdxl_merged_2080\S00995.png,png,7100
results\SDXL_Controlled_Study_Results\02_SDXL_Production\sdxl_merged_2080\S00996.png,png,7015
results\SDXL_Controlled_Study_Results\02_SDXL_Production\sdxl_merged_2080\S00997.png,png,9335
results\SDXL_Controlled_Study_Results\02_SDXL_Production\sdxl_merged_2080\S00998.png,png,8756
results\SDXL_Controlled_Study_Results\02_SDXL_Production\sdxl_merged_2080\S00999.png,png,8596
results\SDXL_Controlled_Study_Results\02_SDXL_Production\sdxl_merged_2080\S01000.png,png,9260
results\SDXL_Controlled_Study_Results\02_SDXL_Production\sdxl_merged_2080\S01001.png,png,7188
results\SDXL_Controlled_Study_Results\02_SDXL_Production\sdxl_merged_2080\S01002.png,png,9662
results\SDXL_Controlled_Study_Results\02_SDXL_Production\sdxl_merged_2080\S01003.png,png,9248
results\SDXL_Controlled_Study_Results\02_SDXL_Production\sdxl_merged_2080\S01004.png,png,8886
results\SDXL_Controlled_Study_Results\02_SDXL_Production\sdxl_merged_2080\S01005.png,png,9627
results\SDXL_Controlled_Study_Results\02_SDXL_Production\sdxl_merged_2080\S01006.png,png,7787
results\SDXL_Controlled_Study_Results\02_SDXL_Production\sdxl_merged_2080\S01007.png,png,9541
results\SDXL_Controlled_Study_Results\02_SDXL_Production\sdxl_merged_2080\S01008.png,png,9419
results\SDXL_Controlled_Study_Results\02_SDXL_Production\sdxl_merged_2080\S01009.png,png,8898
results\SDXL_Controlled_Study_Results\02_SDXL_Production\sdxl_merged_2080\S01010.png,png,7140
results\SDXL_Controlled_Study_Results\02_SDXL_Production\sdxl_merged_2080\S01011.png,png,7662
results\SDXL_Controlled_Study_Results\02_SDXL_Production\sdxl_merged_2080\S01012.png,png,8886
results\SDXL_Controlled_Study_Results\02_SDXL_Production\sdxl_merged_2080\S01013.png,png,9432
results\SDXL_Controlled_Study_Results\02_SDXL_Production\sdxl_merged_2080\S01014.png,png,9986
results\SDXL_Controlled_Study_Results\02_SDXL_Production\sdxl_merged_2080\S01015.png,png,8124
results\SDXL_Controlled_Study_Results\02_SDXL_Production\sdxl_merged_2080\S01016.png,png,8341
results\SDXL_Controlled_Study_Results\02_SDXL_Production\sdxl_merged_2080\S01017.png,png,5743
results\SDXL_Controlled_Study_Results\02_SDXL_Production\sdxl_merged_2080\S01018.png,png,10149
results\SDXL_Controlled_Study_Results\02_SDXL_Production\sdxl_merged_2080\S01019.png,png,9767
results\SDXL_Controlled_Study_Results\02_SDXL_Production\sdxl_merged_2080\S01020.png,png,9073
results\SDXL_Controlled_Study_Results\02_SDXL_Production\sdxl_merged_2080\S01021.png,png,10175
results\SDXL_Controlled_Study_Results\02_SDXL_Production\sdxl_merged_2080\S01022.png,png,8977
results\SDXL_Controlled_Study_Results\02_SDXL_Production\sdxl_merged_2080\S01023.png,png,8849
results\SDXL_Controlled_Study_Results\02_SDXL_Production\sdxl_merged_2080\S01024.png,png,7995
results\SDXL_Controlled_Study_Results\02_SDXL_Production\sdxl_merged_2080\S01025.png,png,8974
results\SDXL_Controlled_Study_Results\02_SDXL_Production\sdxl_merged_2080\S01026.png,png,8817
results\SDXL_Controlled_Study_Results\02_SDXL_Production\sdxl_merged_2080\S01027.png,png,7828
results\SDXL_Controlled_Study_Results\02_SDXL_Production\sdxl_merged_2080\S01028.png,png,6111
results\SDXL_Controlled_Study_Results\02_SDXL_Production\sdxl_merged_2080\S01029.png,png,9872
results\SDXL_Controlled_Study_Results\02_SDXL_Production\sdxl_merged_2080\S01030.png,png,9118
results\SDXL_Controlled_Study_Results\02_SDXL_Production\sdxl_merged_2080\S01031.png,png,7983
results\SDXL_Controlled_Study_Results\02_SDXL_Production\sdxl_merged_2080\S01032.png,png,8172
results\SDXL_Controlled_Study_Results\02_SDXL_Production\sdxl_merged_2080\S01033.png,png,6497
results\SDXL_Controlled_Study_Results\02_SDXL_Production\sdxl_merged_2080\S01034.png,png,9369
results\SDXL_Controlled_Study_Results\02_SDXL_Production\sdxl_merged_2080\S01035.png,png,9504
results\SDXL_Controlled_Study_Results\02_SDXL_Production\sdxl_merged_2080\S01036.png,png,9473
results\SDXL_Controlled_Study_Results\02_SDXL_Production\sdxl_merged_2080\S01038.png,png,7690
results\SDXL_Controlled_Study_Results\02_SDXL_Production\sdxl_merged_2080\S01039.png,png,9449
results\SDXL_Controlled_Study_Results\02_SDXL_Production\sdxl_merged_2080\S01040.png,png,9372
results\SDXL_Controlled_Study_Results\02_SDXL_Production\sdxl_merged_2080\S01041.png,png,8850
results\SDXL_Controlled_Study_Results\02_SDXL_Production\sdxl_merged_2080\S01042.png,png,8284
results\SDXL_Controlled_Study_Results\02_SDXL_Production\sdxl_merged_2080\S01043.png,png,7843
results\SDXL_Controlled_Study_Results\02_SDXL_Production\sdxl_merged_2080\S01044.png,png,8856
results\SDXL_Controlled_Study_Results\02_SDXL_Production\sdxl_merged_2080\S01045.png,png,9348
results\SDXL_Controlled_Study_Results\02_SDXL_Production\sdxl_merged_2080\S01046.png,png,8917
results\SDXL_Controlled_Study_Results\02_SDXL_Production\sdxl_merged_2080\S01048.png,png,7532
results\SDXL_Controlled_Study_Results\02_SDXL_Production\sdxl_merged_2080\S01049.png,png,9171
results\SDXL_Controlled_Study_Results\02_SDXL_Production\sdxl_merged_2080\S01050.png,png,8083
results\SDXL_Controlled_Study_Results\02_SDXL_Production\sdxl_merged_2080\S01051.png,png,9022
results\SDXL_Controlled_Study_Results\02_SDXL_Production\sdxl_merged_2080\S01052.png,png,8755
results\SDXL_Controlled_Study_Results\02_SDXL_Production\sdxl_merged_2080\S01053.png,png,9894
results\SDXL_Controlled_Study_Results\02_SDXL_Production\sdxl_merged_2080\S01054.png,png,8560
results\SDXL_Controlled_Study_Results\02_SDXL_Production\sdxl_merged_2080\S01055.png,png,7666
results\SDXL_Controlled_Study_Results\02_SDXL_Production\sdxl_merged_2080\S01056.png,png,9089
results\SDXL_Controlled_Study_Results\02_SDXL_Production\sdxl_merged_2080\S01057.png,png,9405
results\SDXL_Controlled_Study_Results\02_SDXL_Production\sdxl_merged_2080\S01058.png,png,6235
results\SDXL_Controlled_Study_Results\02_SDXL_Production\sdxl_merged_2080\S01059.png,png,7194
results\SDXL_Controlled_Study_Results\02_SDXL_Production\sdxl_merged_2080\S01060.png,png,9299
results\SDXL_Controlled_Study_Results\02_SDXL_Production\sdxl_merged_2080\S01061.png,png,9501
results\SDXL_Controlled_Study_Results\02_SDXL_Production\sdxl_merged_2080\S01062.png,png,8893
results\SDXL_Controlled_Study_Results\02_SDXL_Production\sdxl_merged_2080\S01063.png,png,8877
results\SDXL_Controlled_Study_Results\02_SDXL_Production\sdxl_merged_2080\S01064.png,png,8585
results\SDXL_Controlled_Study_Results\02_SDXL_Production\sdxl_merged_2080\S01065.png,png,8906
results\SDXL_Controlled_Study_Results\02_SDXL_Production\sdxl_merged_2080\S01066.png,png,10028
results\SDXL_Controlled_Study_Results\02_SDXL_Production\sdxl_merged_2080\S01067.png,png,8782
results\SDXL_Controlled_Study_Results\02_SDXL_Production\sdxl_merged_2080\S01068.png,png,7574
results\SDXL_Controlled_Study_Results\02_SDXL_Production\sdxl_merged_2080\S01069.png,png,10403
results\SDXL_Controlled_Study_Results\02_SDXL_Production\sdxl_merged_2080\S01070.png,png,7089
results\SDXL_Controlled_Study_Results\02_SDXL_Production\sdxl_merged_2080\S01071.png,png,10145
results\SDXL_Controlled_Study_Results\02_SDXL_Production\sdxl_merged_2080\S01072.png,png,8421
results\SDXL_Controlled_Study_Results\02_SDXL_Production\sdxl_merged_2080\S01074.png,png,8374
results\SDXL_Controlled_Study_Results\02_SDXL_Production\sdxl_merged_2080\S01075.png,png,8100
results\SDXL_Controlled_Study_Results\02_SDXL_Production\sdxl_merged_2080\S01076.png,png,8256
results\SDXL_Controlled_Study_Results\02_SDXL_Production\sdxl_merged_2080\S01077.png,png,9150
results\SDXL_Controlled_Study_Results\02_SDXL_Production\sdxl_merged_2080\S01078.png,png,8535
results\SDXL_Controlled_Study_Results\02_SDXL_Production\sdxl_merged_2080\S01079.png,png,8977
results\SDXL_Controlled_Study_Results\02_SDXL_Production\sdxl_merged_2080\S01080.png,png,8205
results\SDXL_Controlled_Study_Results\02_SDXL_Production\sdxl_merged_2080\S01081.png,png,9384
results\SDXL_Controlled_Study_Results\02_SDXL_Production\sdxl_merged_2080\S01082.png,png,9473
results\SDXL_Controlled_Study_Results\02_SDXL_Production\sdxl_merged_2080\S01083.png,png,8926
results\SDXL_Controlled_Study_Results\02_SDXL_Production\sdxl_merged_2080\S01084.png,png,9477
results\SDXL_Controlled_Study_Results\02_SDXL_Production\sdxl_merged_2080\S01085.png,png,10077
results\SDXL_Controlled_Study_Results\02_SDXL_Production\sdxl_merged_2080\S01087.png,png,9651
results\SDXL_Controlled_Study_Results\02_SDXL_Production\sdxl_merged_2080\S01088.png,png,9070
results\SDXL_Controlled_Study_Results\02_SDXL_Production\sdxl_merged_2080\S01089.png,png,8320
results\SDXL_Controlled_Study_Results\02_SDXL_Production\sdxl_merged_2080\S01090.png,png,8361
results\SDXL_Controlled_Study_Results\02_SDXL_Production\sdxl_merged_2080\S01091.png,png,9058
results\SDXL_Controlled_Study_Results\02_SDXL_Production\sdxl_merged_2080\S01092.png,png,8331
results\SDXL_Controlled_Study_Results\02_SDXL_Production\sdxl_merged_2080\S01093.png,png,8609
results\SDXL_Controlled_Study_Results\02_SDXL_Production\sdxl_merged_2080\S01094.png,png,8474
results\SDXL_Controlled_Study_Results\02_SDXL_Production\sdxl_merged_2080\S01095.png,png,7655
results\SDXL_Controlled_Study_Results\02_SDXL_Production\sdxl_merged_2080\S01096.png,png,9154
results\SDXL_Controlled_Study_Results\02_SDXL_Production\sdxl_merged_2080\S01097.png,png,9592
results\SDXL_Controlled_Study_Results\02_SDXL_Production\sdxl_merged_2080\S01099.png,png,10219
results\SDXL_Controlled_Study_Results\02_SDXL_Production\sdxl_merged_2080\S01100.png,png,9231
results\SDXL_Controlled_Study_Results\02_SDXL_Production\sdxl_merged_2080\S01101.png,png,8692
results\SDXL_Controlled_Study_Results\02_SDXL_Production\sdxl_merged_2080\S01102.png,png,7605
results\SDXL_Controlled_Study_Results\02_SDXL_Production\sdxl_merged_2080\S01103.png,png,10083
results\SDXL_Controlled_Study_Results\02_SDXL_Production\sdxl_merged_2080\S01104.png,png,9216
results\SDXL_Controlled_Study_Results\02_SDXL_Production\sdxl_merged_2080\S01105.png,png,8879
results\SDXL_Controlled_Study_Results\02_SDXL_Production\sdxl_merged_2080\S01106.png,png,7000
results\SDXL_Controlled_Study_Results\02_SDXL_Production\sdxl_merged_2080\S01107.png,png,7581
results\SDXL_Controlled_Study_Results\02_SDXL_Production\sdxl_merged_2080\S01108.png,png,8226
results\SDXL_Controlled_Study_Results\02_SDXL_Production\sdxl_merged_2080\S01109.png,png,8470
results\SDXL_Controlled_Study_Results\02_SDXL_Production\sdxl_merged_2080\S01110.png,png,9368
results\SDXL_Controlled_Study_Results\02_SDXL_Production\sdxl_merged_2080\S01111.png,png,8375
results\SDXL_Controlled_Study_Results\02_SDXL_Production\sdxl_merged_2080\S01112.png,png,9100
results\SDXL_Controlled_Study_Results\02_SDXL_Production\sdxl_merged_2080\S01113.png,png,5986
results\SDXL_Controlled_Study_Results\02_SDXL_Production\sdxl_merged_2080\S01114.png,png,7659
results\SDXL_Controlled_Study_Results\02_SDXL_Production\sdxl_merged_2080\S01115.png,png,9434
results\SDXL_Controlled_Study_Results\02_SDXL_Production\sdxl_merged_2080\S01116.png,png,9157
results\SDXL_Controlled_Study_Results\02_SDXL_Production\sdxl_merged_2080\S01117.png,png,10051
results\SDXL_Controlled_Study_Results\02_SDXL_Production\sdxl_merged_2080\S01118.png,png,9072
results\SDXL_Controlled_Study_Results\02_SDXL_Production\sdxl_merged_2080\S01119.png,png,9088
results\SDXL_Controlled_Study_Results\02_SDXL_Production\sdxl_merged_2080\S01120.png,png,9141
results\SDXL_Controlled_Study_Results\02_SDXL_Production\sdxl_merged_2080\S01121.png,png,7755
results\SDXL_Controlled_Study_Results\02_SDXL_Production\sdxl_merged_2080\S01122.png,png,7534
results\SDXL_Controlled_Study_Results\02_SDXL_Production\sdxl_merged_2080\S01123.png,png,8292
results\SDXL_Controlled_Study_Results\02_SDXL_Production\sdxl_merged_2080\S01124.png,png,6480
results\SDXL_Controlled_Study_Results\02_SDXL_Production\sdxl_merged_2080\S01125.png,png,8871
results\SDXL_Controlled_Study_Results\02_SDXL_Production\sdxl_merged_2080\S01126.png,png,9297
results\SDXL_Controlled_Study_Results\02_SDXL_Production\sdxl_merged_2080\S01127.png,png,7539
results\SDXL_Controlled_Study_Results\02_SDXL_Production\sdxl_merged_2080\S01128.png,png,9269
results\SDXL_Controlled_Study_Results\02_SDXL_Production\sdxl_merged_2080\S01129.png,png,7678
results\SDXL_Controlled_Study_Results\02_SDXL_Production\sdxl_merged_2080\S01130.png,png,9438
results\SDXL_Controlled_Study_Results\02_SDXL_Production\sdxl_merged_2080\S01131.png,png,9143
results\SDXL_Controlled_Study_Results\02_SDXL_Production\sdxl_merged_2080\S01132.png,png,6823
results\SDXL_Controlled_Study_Results\02_SDXL_Production\sdxl_merged_2080\S01133.png,png,8411
results\SDXL_Controlled_Study_Results\02_SDXL_Production\sdxl_merged_2080\S01134.png,png,8048
results\SDXL_Controlled_Study_Results\02_SDXL_Production\sdxl_merged_2080\S01135.png,png,8358
results\SDXL_Controlled_Study_Results\02_SDXL_Production\sdxl_merged_2080\S01136.png,png,9733
results\SDXL_Controlled_Study_Results\02_SDXL_Production\sdxl_merged_2080\S01137.png,png,9294
results\SDXL_Controlled_Study_Results\02_SDXL_Production\sdxl_merged_2080\S01138.png,png,7897
results\SDXL_Controlled_Study_Results\02_SDXL_Production\sdxl_merged_2080\S01139.png,png,8595
results\SDXL_Controlled_Study_Results\02_SDXL_Production\sdxl_merged_2080\S01140.png,png,8624
results\SDXL_Controlled_Study_Results\02_SDXL_Production\sdxl_merged_2080\S01141.png,png,10025
results\SDXL_Controlled_Study_Results\02_SDXL_Production\sdxl_merged_2080\S01142.png,png,8908
results\SDXL_Controlled_Study_Results\02_SDXL_Production\sdxl_merged_2080\S01143.png,png,9056
results\SDXL_Controlled_Study_Results\02_SDXL_Production\sdxl_merged_2080\S01144.png,png,9684
results\SDXL_Controlled_Study_Results\02_SDXL_Production\sdxl_merged_2080\S01145.png,png,4770
results\SDXL_Controlled_Study_Results\02_SDXL_Production\sdxl_merged_2080\S01146.png,png,9842
results\SDXL_Controlled_Study_Results\02_SDXL_Production\sdxl_merged_2080\S01147.png,png,9768
results\SDXL_Controlled_Study_Results\02_SDXL_Production\sdxl_merged_2080\S01148.png,png,9308
results\SDXL_Controlled_Study_Results\02_SDXL_Production\sdxl_merged_2080\S01149.png,png,9667
results\SDXL_Controlled_Study_Results\02_SDXL_Production\sdxl_merged_2080\S01150.png,png,8401
results\SDXL_Controlled_Study_Results\02_SDXL_Production\sdxl_merged_2080\S01151.png,png,8597
results\SDXL_Controlled_Study_Results\02_SDXL_Production\sdxl_merged_2080\S01152.png,png,9240
results\SDXL_Controlled_Study_Results\02_SDXL_Production\sdxl_merged_2080\S01153.png,png,7297
results\SDXL_Controlled_Study_Results\02_SDXL_Production\sdxl_merged_2080\S01154.png,png,7188
results\SDXL_Controlled_Study_Results\02_SDXL_Production\sdxl_merged_2080\S01155.png,png,7895
results\SDXL_Controlled_Study_Results\02_SDXL_Production\sdxl_merged_2080\S01156.png,png,7218
results\SDXL_Controlled_Study_Results\02_SDXL_Production\sdxl_merged_2080\S01157.png,png,8944
results\SDXL_Controlled_Study_Results\02_SDXL_Production\sdxl_merged_2080\S01158.png,png,9025
results\SDXL_Controlled_Study_Results\02_SDXL_Production\sdxl_merged_2080\S01159.png,png,8974
results\SDXL_Controlled_Study_Results\02_SDXL_Production\sdxl_merged_2080\S01160.png,png,8594
results\SDXL_Controlled_Study_Results\02_SDXL_Production\sdxl_merged_2080\S01162.png,png,8741
results\SDXL_Controlled_Study_Results\02_SDXL_Production\sdxl_merged_2080\S01163.png,png,9760
results\SDXL_Controlled_Study_Results\02_SDXL_Production\sdxl_merged_2080\S01164.png,png,8601
results\SDXL_Controlled_Study_Results\02_SDXL_Production\sdxl_merged_2080\S01165.png,png,8856
results\SDXL_Controlled_Study_Results\02_SDXL_Production\sdxl_merged_2080\S01166.png,png,8861
results\SDXL_Controlled_Study_Results\02_SDXL_Production\sdxl_merged_2080\S01167.png,png,9273
results\SDXL_Controlled_Study_Results\02_SDXL_Production\sdxl_merged_2080\S01168.png,png,9470
results\SDXL_Controlled_Study_Results\02_SDXL_Production\sdxl_merged_2080\S01169.png,png,8245
results\SDXL_Controlled_Study_Results\02_SDXL_Production\sdxl_merged_2080\S01170.png,png,7082
results\SDXL_Controlled_Study_Results\02_SDXL_Production\sdxl_merged_2080\S01171.png,png,9551
results\SDXL_Controlled_Study_Results\02_SDXL_Production\sdxl_merged_2080\S01172.png,png,8468
results\SDXL_Controlled_Study_Results\02_SDXL_Production\sdxl_merged_2080\S01173.png,png,9031
results\SDXL_Controlled_Study_Results\02_SDXL_Production\sdxl_merged_2080\S01174.png,png,8470
results\SDXL_Controlled_Study_Results\02_SDXL_Production\sdxl_merged_2080\S01175.png,png,8529
results\SDXL_Controlled_Study_Results\02_SDXL_Production\sdxl_merged_2080\S01176.png,png,9227
results\SDXL_Controlled_Study_Results\02_SDXL_Production\sdxl_merged_2080\S01177.png,png,8294
results\SDXL_Controlled_Study_Results\02_SDXL_Production\sdxl_merged_2080\S01178.png,png,8343
results\SDXL_Controlled_Study_Results\02_SDXL_Production\sdxl_merged_2080\S01179.png,png,9653
results\SDXL_Controlled_Study_Results\02_SDXL_Production\sdxl_merged_2080\S01180.png,png,8571
results\SDXL_Controlled_Study_Results\02_SDXL_Production\sdxl_merged_2080\S01181.png,png,9058
results\SDXL_Controlled_Study_Results\02_SDXL_Production\sdxl_merged_2080\S01182.png,png,7656
results\SDXL_Controlled_Study_Results\02_SDXL_Production\sdxl_merged_2080\S01183.png,png,8344
results\SDXL_Controlled_Study_Results\02_SDXL_Production\sdxl_merged_2080\S01184.png,png,9585
results\SDXL_Controlled_Study_Results\02_SDXL_Production\sdxl_merged_2080\S01185.png,png,8613
results\SDXL_Controlled_Study_Results\02_SDXL_Production\sdxl_merged_2080\S01186.png,png,8881
results\SDXL_Controlled_Study_Results\02_SDXL_Production\sdxl_merged_2080\S01187.png,png,7853
results\SDXL_Controlled_Study_Results\02_SDXL_Production\sdxl_merged_2080\S01188.png,png,7064
results\SDXL_Controlled_Study_Results\02_SDXL_Production\sdxl_merged_2080\S01189.png,png,8464
results\SDXL_Controlled_Study_Results\02_SDXL_Production\sdxl_merged_2080\S01190.png,png,7141
results\SDXL_Controlled_Study_Results\02_SDXL_Production\sdxl_merged_2080\S01191.png,png,8235
results\SDXL_Controlled_Study_Results\02_SDXL_Production\sdxl_merged_2080\S01192.png,png,9076
results\SDXL_Controlled_Study_Results\02_SDXL_Production\sdxl_merged_2080\S01193.png,png,9873
results\SDXL_Controlled_Study_Results\02_SDXL_Production\sdxl_merged_2080\S01195.png,png,10208
results\SDXL_Controlled_Study_Results\02_SDXL_Production\sdxl_merged_2080\S01196.png,png,9360
results\SDXL_Controlled_Study_Results\02_SDXL_Production\sdxl_merged_2080\S01197.png,png,9829
results\SDXL_Controlled_Study_Results\02_SDXL_Production\sdxl_merged_2080\S01199.png,png,9688
results\SDXL_Controlled_Study_Results\02_SDXL_Production\sdxl_merged_2080\S01200.png,png,9548
results\SDXL_Controlled_Study_Results\02_SDXL_Production\sdxl_merged_2080\S01201.png,png,9744
results\SDXL_Controlled_Study_Results\02_SDXL_Production\sdxl_merged_2080\S01202.png,png,7746
results\SDXL_Controlled_Study_Results\02_SDXL_Production\sdxl_merged_2080\S01203.png,png,8289
results\SDXL_Controlled_Study_Results\02_SDXL_Production\sdxl_merged_2080\S01205.png,png,10129
results\SDXL_Controlled_Study_Results\02_SDXL_Production\sdxl_merged_2080\S01206.png,png,8333
results\SDXL_Controlled_Study_Results\02_SDXL_Production\sdxl_merged_2080\S01207.png,png,8843
results\SDXL_Controlled_Study_Results\02_SDXL_Production\sdxl_merged_2080\S01208.png,png,7797
results\SDXL_Controlled_Study_Results\02_SDXL_Production\sdxl_merged_2080\S01209.png,png,8611
results\SDXL_Controlled_Study_Results\02_SDXL_Production\sdxl_merged_2080\S01210.png,png,9228
results\SDXL_Controlled_Study_Results\02_SDXL_Production\sdxl_merged_2080\S01211.png,png,10023
results\SDXL_Controlled_Study_Results\02_SDXL_Production\sdxl_merged_2080\S01212.png,png,8915
results\SDXL_Controlled_Study_Results\02_SDXL_Production\sdxl_merged_2080\S01213.png,png,9298
results\SDXL_Controlled_Study_Results\02_SDXL_Production\sdxl_merged_2080\S01214.png,png,9334
results\SDXL_Controlled_Study_Results\02_SDXL_Production\sdxl_merged_2080\S01215.png,png,7329
results\SDXL_Controlled_Study_Results\02_SDXL_Production\sdxl_merged_2080\S01216.png,png,9042
results\SDXL_Controlled_Study_Results\02_SDXL_Production\sdxl_merged_2080\S01217.png,png,7929
results\SDXL_Controlled_Study_Results\02_SDXL_Production\sdxl_merged_2080\S01218.png,png,8477
results\SDXL_Controlled_Study_Results\02_SDXL_Production\sdxl_merged_2080\S01219.png,png,8098
results\SDXL_Controlled_Study_Results\02_SDXL_Production\sdxl_merged_2080\S01220.png,png,7131
results\SDXL_Controlled_Study_Results\02_SDXL_Production\sdxl_merged_2080\S01221.png,png,8703
results\SDXL_Controlled_Study_Results\02_SDXL_Production\sdxl_merged_2080\S01222.png,png,8767
results\SDXL_Controlled_Study_Results\02_SDXL_Production\sdxl_merged_2080\S01223.png,png,7739
results\SDXL_Controlled_Study_Results\02_SDXL_Production\sdxl_merged_2080\S01224.png,png,9463
results\SDXL_Controlled_Study_Results\02_SDXL_Production\sdxl_merged_2080\S01225.png,png,8938
results\SDXL_Controlled_Study_Results\02_SDXL_Production\sdxl_merged_2080\S01226.png,png,8522
results\SDXL_Controlled_Study_Results\02_SDXL_Production\sdxl_merged_2080\S01227.png,png,9680
results\SDXL_Controlled_Study_Results\02_SDXL_Production\sdxl_merged_2080\S01228.png,png,9666
results\SDXL_Controlled_Study_Results\02_SDXL_Production\sdxl_merged_2080\S01229.png,png,10150
results\SDXL_Controlled_Study_Results\02_SDXL_Production\sdxl_merged_2080\S01230.png,png,7700
results\SDXL_Controlled_Study_Results\02_SDXL_Production\sdxl_merged_2080\S01231.png,png,9843
results\SDXL_Controlled_Study_Results\02_SDXL_Production\sdxl_merged_2080\S01232.png,png,8322
results\SDXL_Controlled_Study_Results\02_SDXL_Production\sdxl_merged_2080\S01233.png,png,7233
results\SDXL_Controlled_Study_Results\02_SDXL_Production\sdxl_merged_2080\S01234.png,png,8179
results\SDXL_Controlled_Study_Results\02_SDXL_Production\sdxl_merged_2080\S01235.png,png,9155
results\SDXL_Controlled_Study_Results\02_SDXL_Production\sdxl_merged_2080\S01236.png,png,7231
results\SDXL_Controlled_Study_Results\02_SDXL_Production\sdxl_merged_2080\S01237.png,png,8948
results\SDXL_Controlled_Study_Results\02_SDXL_Production\sdxl_merged_2080\S01238.png,png,8496
results\SDXL_Controlled_Study_Results\02_SDXL_Production\sdxl_merged_2080\S01239.png,png,9504
results\SDXL_Controlled_Study_Results\02_SDXL_Production\sdxl_merged_2080\S01240.png,png,9143
results\SDXL_Controlled_Study_Results\02_SDXL_Production\sdxl_merged_2080\S01241.png,png,7771
results\SDXL_Controlled_Study_Results\02_SDXL_Production\sdxl_merged_2080\S01242.png,png,9191
results\SDXL_Controlled_Study_Results\02_SDXL_Production\sdxl_merged_2080\S01243.png,png,8853
results\SDXL_Controlled_Study_Results\02_SDXL_Production\sdxl_merged_2080\S01244.png,png,9320
results\SDXL_Controlled_Study_Results\02_SDXL_Production\sdxl_merged_2080\S01245.png,png,8871
results\SDXL_Controlled_Study_Results\02_SDXL_Production\sdxl_merged_2080\S01246.png,png,8387
results\SDXL_Controlled_Study_Results\02_SDXL_Production\sdxl_merged_2080\S01247.png,png,9342
results\SDXL_Controlled_Study_Results\02_SDXL_Production\sdxl_merged_2080\S01248.png,png,8409
results\SDXL_Controlled_Study_Results\02_SDXL_Production\sdxl_merged_2080\S01249.png,png,9078
results\SDXL_Controlled_Study_Results\02_SDXL_Production\sdxl_merged_2080\S01250.png,png,7273
results\SDXL_Controlled_Study_Results\02_SDXL_Production\sdxl_merged_2080\S01251.png,png,8338
results\SDXL_Controlled_Study_Results\02_SDXL_Production\sdxl_merged_2080\S01252.png,png,7961
results\SDXL_Controlled_Study_Results\02_SDXL_Production\sdxl_merged_2080\S01253.png,png,9564
results\SDXL_Controlled_Study_Results\02_SDXL_Production\sdxl_merged_2080\S01254.png,png,8199
results\SDXL_Controlled_Study_Results\02_SDXL_Production\sdxl_merged_2080\S01255.png,png,8878
results\SDXL_Controlled_Study_Results\02_SDXL_Production\sdxl_merged_2080\S01256.png,png,9707
results\SDXL_Controlled_Study_Results\02_SDXL_Production\sdxl_merged_2080\S01257.png,png,9771
results\SDXL_Controlled_Study_Results\02_SDXL_Production\sdxl_merged_2080\S01258.png,png,6657
results\SDXL_Controlled_Study_Results\02_SDXL_Production\sdxl_merged_2080\S01259.png,png,9346
results\SDXL_Controlled_Study_Results\02_SDXL_Production\sdxl_merged_2080\S01260.png,png,8173
results\SDXL_Controlled_Study_Results\02_SDXL_Production\sdxl_merged_2080\S01261.png,png,10508
results\SDXL_Controlled_Study_Results\02_SDXL_Production\sdxl_merged_2080\S01262.png,png,8041
results\SDXL_Controlled_Study_Results\02_SDXL_Production\sdxl_merged_2080\S01263.png,png,9859
results\SDXL_Controlled_Study_Results\02_SDXL_Production\sdxl_merged_2080\S01264.png,png,9437
results\SDXL_Controlled_Study_Results\02_SDXL_Production\sdxl_merged_2080\S01265.png,png,8892
results\SDXL_Controlled_Study_Results\02_SDXL_Production\sdxl_merged_2080\S01266.png,png,7776
results\SDXL_Controlled_Study_Results\02_SDXL_Production\sdxl_merged_2080\S01267.png,png,6610
results\SDXL_Controlled_Study_Results\02_SDXL_Production\sdxl_merged_2080\S01268.png,png,7658
results\SDXL_Controlled_Study_Results\02_SDXL_Production\sdxl_merged_2080\S01269.png,png,9206
results\SDXL_Controlled_Study_Results\02_SDXL_Production\sdxl_merged_2080\S01270.png,png,9250
results\SDXL_Controlled_Study_Results\02_SDXL_Production\sdxl_merged_2080\S01271.png,png,9278
results\SDXL_Controlled_Study_Results\02_SDXL_Production\sdxl_merged_2080\S01272.png,png,8844
results\SDXL_Controlled_Study_Results\02_SDXL_Production\sdxl_merged_2080\S01273.png,png,8710
results\SDXL_Controlled_Study_Results\02_SDXL_Production\sdxl_merged_2080\S01274.png,png,8257
results\SDXL_Controlled_Study_Results\02_SDXL_Production\sdxl_merged_2080\S01276.png,png,9370
results\SDXL_Controlled_Study_Results\02_SDXL_Production\sdxl_merged_2080\S01277.png,png,9110
results\SDXL_Controlled_Study_Results\02_SDXL_Production\sdxl_merged_2080\S01278.png,png,7778
results\SDXL_Controlled_Study_Results\02_SDXL_Production\sdxl_merged_2080\S01279.png,png,8906
results\SDXL_Controlled_Study_Results\02_SDXL_Production\sdxl_merged_2080\S01280.png,png,8932
results\SDXL_Controlled_Study_Results\02_SDXL_Production\sdxl_merged_2080\S01281.png,png,8492
results\SDXL_Controlled_Study_Results\02_SDXL_Production\sdxl_merged_2080\S01282.png,png,8317
results\SDXL_Controlled_Study_Results\02_SDXL_Production\sdxl_merged_2080\S01283.png,png,7995
results\SDXL_Controlled_Study_Results\02_SDXL_Production\sdxl_merged_2080\S01284.png,png,7824
results\SDXL_Controlled_Study_Results\02_SDXL_Production\sdxl_merged_2080\S01285.png,png,10014
results\SDXL_Controlled_Study_Results\02_SDXL_Production\sdxl_merged_2080\S01286.png,png,7891
results\SDXL_Controlled_Study_Results\02_SDXL_Production\sdxl_merged_2080\S01287.png,png,8165
results\SDXL_Controlled_Study_Results\02_SDXL_Production\sdxl_merged_2080\S01288.png,png,8356
results\SDXL_Controlled_Study_Results\02_SDXL_Production\sdxl_merged_2080\S01289.png,png,8611
results\SDXL_Controlled_Study_Results\02_SDXL_Production\sdxl_merged_2080\S01290.png,png,7804
results\SDXL_Controlled_Study_Results\02_SDXL_Production\sdxl_merged_2080\S01291.png,png,9266
results\SDXL_Controlled_Study_Results\02_SDXL_Production\sdxl_merged_2080\S01292.png,png,9059
results\SDXL_Controlled_Study_Results\02_SDXL_Production\sdxl_merged_2080\S01293.png,png,9408
results\SDXL_Controlled_Study_Results\02_SDXL_Production\sdxl_merged_2080\S01294.png,png,9179
results\SDXL_Controlled_Study_Results\02_SDXL_Production\sdxl_merged_2080\S01295.png,png,9831
results\SDXL_Controlled_Study_Results\02_SDXL_Production\sdxl_merged_2080\S01296.png,png,8365
results\SDXL_Controlled_Study_Results\02_SDXL_Production\sdxl_merged_2080\S01297.png,png,8368
results\SDXL_Controlled_Study_Results\02_SDXL_Production\sdxl_merged_2080\S01298.png,png,8023
results\SDXL_Controlled_Study_Results\02_SDXL_Production\sdxl_merged_2080\S01299.png,png,8141
results\SDXL_Controlled_Study_Results\02_SDXL_Production\sdxl_merged_2080\S01300.png,png,8370
results\SDXL_Controlled_Study_Results\02_SDXL_Production\sdxl_merged_2080\S01301.png,png,9204
results\SDXL_Controlled_Study_Results\02_SDXL_Production\sdxl_merged_2080\S01302.png,png,9052
results\SDXL_Controlled_Study_Results\02_SDXL_Production\sdxl_merged_2080\S01303.png,png,7809
results\SDXL_Controlled_Study_Results\02_SDXL_Production\sdxl_merged_2080\S01304.png,png,7730
results\SDXL_Controlled_Study_Results\02_SDXL_Production\sdxl_merged_2080\S01305.png,png,8195
results\SDXL_Controlled_Study_Results\02_SDXL_Production\sdxl_merged_2080\S01306.png,png,9312
results\SDXL_Controlled_Study_Results\02_SDXL_Production\sdxl_merged_2080\S01307.png,png,8744
results\SDXL_Controlled_Study_Results\02_SDXL_Production\sdxl_merged_2080\S01308.png,png,8574
results\SDXL_Controlled_Study_Results\02_SDXL_Production\sdxl_merged_2080\S01310.png,png,8920
results\SDXL_Controlled_Study_Results\02_SDXL_Production\sdxl_merged_2080\S01311.png,png,8193
results\SDXL_Controlled_Study_Results\02_SDXL_Production\sdxl_merged_2080\S01312.png,png,9569
results\SDXL_Controlled_Study_Results\02_SDXL_Production\sdxl_merged_2080\S01313.png,png,9103
results\SDXL_Controlled_Study_Results\02_SDXL_Production\sdxl_merged_2080\S01314.png,png,8839
results\SDXL_Controlled_Study_Results\02_SDXL_Production\sdxl_merged_2080\S01315.png,png,7613
results\SDXL_Controlled_Study_Results\02_SDXL_Production\sdxl_merged_2080\S01316.png,png,6657
results\SDXL_Controlled_Study_Results\02_SDXL_Production\sdxl_merged_2080\S01317.png,png,9551
results\SDXL_Controlled_Study_Results\02_SDXL_Production\sdxl_merged_2080\S01318.png,png,8399
results\SDXL_Controlled_Study_Results\02_SDXL_Production\sdxl_merged_2080\S01319.png,png,8977
results\SDXL_Controlled_Study_Results\02_SDXL_Production\sdxl_merged_2080\S01320.png,png,7830
results\SDXL_Controlled_Study_Results\02_SDXL_Production\sdxl_merged_2080\S01321.png,png,8749
results\SDXL_Controlled_Study_Results\02_SDXL_Production\sdxl_merged_2080\S01322.png,png,9401
results\SDXL_Controlled_Study_Results\02_SDXL_Production\sdxl_merged_2080\S01323.png,png,9079
results\SDXL_Controlled_Study_Results\02_SDXL_Production\sdxl_merged_2080\S01324.png,png,9051
results\SDXL_Controlled_Study_Results\02_SDXL_Production\sdxl_merged_2080\S01325.png,png,8867
results\SDXL_Controlled_Study_Results\02_SDXL_Production\sdxl_merged_2080\S01326.png,png,8275
results\SDXL_Controlled_Study_Results\02_SDXL_Production\sdxl_merged_2080\S01327.png,png,8804
results\SDXL_Controlled_Study_Results\02_SDXL_Production\sdxl_merged_2080\S01328.png,png,9069
results\SDXL_Controlled_Study_Results\02_SDXL_Production\sdxl_merged_2080\S01329.png,png,7658
results\SDXL_Controlled_Study_Results\02_SDXL_Production\sdxl_merged_2080\S01330.png,png,6730
results\SDXL_Controlled_Study_Results\02_SDXL_Production\sdxl_merged_2080\S01331.png,png,7289
results\SDXL_Controlled_Study_Results\02_SDXL_Production\sdxl_merged_2080\S01332.png,png,6307
results\SDXL_Controlled_Study_Results\02_SDXL_Production\sdxl_merged_2080\S01333.png,png,8811
results\SDXL_Controlled_Study_Results\02_SDXL_Production\sdxl_merged_2080\S01334.png,png,10320
results\SDXL_Controlled_Study_Results\02_SDXL_Production\sdxl_merged_2080\S01335.png,png,8324
results\SDXL_Controlled_Study_Results\02_SDXL_Production\sdxl_merged_2080\S01336.png,png,9863
results\SDXL_Controlled_Study_Results\02_SDXL_Production\sdxl_merged_2080\S01337.png,png,8531
results\SDXL_Controlled_Study_Results\02_SDXL_Production\sdxl_merged_2080\S01338.png,png,9997
results\SDXL_Controlled_Study_Results\02_SDXL_Production\sdxl_merged_2080\S01339.png,png,9377
results\SDXL_Controlled_Study_Results\02_SDXL_Production\sdxl_merged_2080\S01340.png,png,8973
results\SDXL_Controlled_Study_Results\02_SDXL_Production\sdxl_merged_2080\S01341.png,png,9546
results\SDXL_Controlled_Study_Results\02_SDXL_Production\sdxl_merged_2080\S01342.png,png,8553
results\SDXL_Controlled_Study_Results\02_SDXL_Production\sdxl_merged_2080\S01343.png,png,9580
results\SDXL_Controlled_Study_Results\02_SDXL_Production\sdxl_merged_2080\S01344.png,png,8156
results\SDXL_Controlled_Study_Results\02_SDXL_Production\sdxl_merged_2080\S01345.png,png,7366
results\SDXL_Controlled_Study_Results\02_SDXL_Production\sdxl_merged_2080\S01346.png,png,9551
results\SDXL_Controlled_Study_Results\02_SDXL_Production\sdxl_merged_2080\S01347.png,png,8148
results\SDXL_Controlled_Study_Results\02_SDXL_Production\sdxl_merged_2080\S01348.png,png,6654
results\SDXL_Controlled_Study_Results\02_SDXL_Production\sdxl_merged_2080\S01349.png,png,9044
results\SDXL_Controlled_Study_Results\02_SDXL_Production\sdxl_merged_2080\S01350.png,png,9457
results\SDXL_Controlled_Study_Results\02_SDXL_Production\sdxl_merged_2080\S01351.png,png,9025
results\SDXL_Controlled_Study_Results\02_SDXL_Production\sdxl_merged_2080\S01352.png,png,8680
results\SDXL_Controlled_Study_Results\02_SDXL_Production\sdxl_merged_2080\S01353.png,png,8860
results\SDXL_Controlled_Study_Results\02_SDXL_Production\sdxl_merged_2080\S01354.png,png,10102
results\SDXL_Controlled_Study_Results\02_SDXL_Production\sdxl_merged_2080\S01355.png,png,10033
results\SDXL_Controlled_Study_Results\02_SDXL_Production\sdxl_merged_2080\S01356.png,png,9434
results\SDXL_Controlled_Study_Results\02_SDXL_Production\sdxl_merged_2080\S01357.png,png,8052
results\SDXL_Controlled_Study_Results\02_SDXL_Production\sdxl_merged_2080\S01358.png,png,8648
results\SDXL_Controlled_Study_Results\02_SDXL_Production\sdxl_merged_2080\S01359.png,png,8879
results\SDXL_Controlled_Study_Results\02_SDXL_Production\sdxl_merged_2080\S01360.png,png,9336
results\SDXL_Controlled_Study_Results\02_SDXL_Production\sdxl_merged_2080\S01361.png,png,8622
results\SDXL_Controlled_Study_Results\02_SDXL_Production\sdxl_merged_2080\S01362.png,png,7470
results\SDXL_Controlled_Study_Results\02_SDXL_Production\sdxl_merged_2080\S01363.png,png,6728
results\SDXL_Controlled_Study_Results\02_SDXL_Production\sdxl_merged_2080\S01364.png,png,6517
results\SDXL_Controlled_Study_Results\02_SDXL_Production\sdxl_merged_2080\S01365.png,png,8144
results\SDXL_Controlled_Study_Results\02_SDXL_Production\sdxl_merged_2080\S01366.png,png,8249
results\SDXL_Controlled_Study_Results\02_SDXL_Production\sdxl_merged_2080\S01367.png,png,7895
results\SDXL_Controlled_Study_Results\02_SDXL_Production\sdxl_merged_2080\S01368.png,png,8222
results\SDXL_Controlled_Study_Results\02_SDXL_Production\sdxl_merged_2080\S01369.png,png,9281
results\SDXL_Controlled_Study_Results\02_SDXL_Production\sdxl_merged_2080\S01370.png,png,8859
results\SDXL_Controlled_Study_Results\02_SDXL_Production\sdxl_merged_2080\S01371.png,png,9507
results\SDXL_Controlled_Study_Results\02_SDXL_Production\sdxl_merged_2080\S01372.png,png,8730
results\SDXL_Controlled_Study_Results\02_SDXL_Production\sdxl_merged_2080\S01373.png,png,7349
results\SDXL_Controlled_Study_Results\02_SDXL_Production\sdxl_merged_2080\S01374.png,png,8271
results\SDXL_Controlled_Study_Results\02_SDXL_Production\sdxl_merged_2080\S01375.png,png,9903
results\SDXL_Controlled_Study_Results\02_SDXL_Production\sdxl_merged_2080\S01376.png,png,9515
results\SDXL_Controlled_Study_Results\02_SDXL_Production\sdxl_merged_2080\S01377.png,png,7642
results\SDXL_Controlled_Study_Results\02_SDXL_Production\sdxl_merged_2080\S01378.png,png,6783
results\SDXL_Controlled_Study_Results\02_SDXL_Production\sdxl_merged_2080\S01379.png,png,9008
results\SDXL_Controlled_Study_Results\02_SDXL_Production\sdxl_merged_2080\S01380.png,png,7881
results\SDXL_Controlled_Study_Results\02_SDXL_Production\sdxl_merged_2080\S01381.png,png,9031
results\SDXL_Controlled_Study_Results\02_SDXL_Production\sdxl_merged_2080\S01382.png,png,9057
results\SDXL_Controlled_Study_Results\02_SDXL_Production\sdxl_merged_2080\S01383.png,png,8356
results\SDXL_Controlled_Study_Results\02_SDXL_Production\sdxl_merged_2080\S01384.png,png,8280
results\SDXL_Controlled_Study_Results\02_SDXL_Production\sdxl_merged_2080\S01386.png,png,9049
results\SDXL_Controlled_Study_Results\02_SDXL_Production\sdxl_merged_2080\S01387.png,png,8486
results\SDXL_Controlled_Study_Results\02_SDXL_Production\sdxl_merged_2080\S01388.png,png,8300
results\SDXL_Controlled_Study_Results\02_SDXL_Production\sdxl_merged_2080\S01389.png,png,8523
results\SDXL_Controlled_Study_Results\02_SDXL_Production\sdxl_merged_2080\S01390.png,png,8695
results\SDXL_Controlled_Study_Results\02_SDXL_Production\sdxl_merged_2080\S01391.png,png,8958
results\SDXL_Controlled_Study_Results\02_SDXL_Production\sdxl_merged_2080\S01392.png,png,7738
results\SDXL_Controlled_Study_Results\02_SDXL_Production\sdxl_merged_2080\S01393.png,png,8451
results\SDXL_Controlled_Study_Results\02_SDXL_Production\sdxl_merged_2080\S01394.png,png,8315
results\SDXL_Controlled_Study_Results\02_SDXL_Production\sdxl_merged_2080\S01395.png,png,8360
results\SDXL_Controlled_Study_Results\02_SDXL_Production\sdxl_merged_2080\S01396.png,png,7061
results\SDXL_Controlled_Study_Results\02_SDXL_Production\sdxl_merged_2080\S01397.png,png,7178
results\SDXL_Controlled_Study_Results\02_SDXL_Production\sdxl_merged_2080\S01398.png,png,9529
results\SDXL_Controlled_Study_Results\02_SDXL_Production\sdxl_merged_2080\S01399.png,png,10217
results\SDXL_Controlled_Study_Results\02_SDXL_Production\sdxl_merged_2080\S01400.png,png,7906
results\SDXL_Controlled_Study_Results\02_SDXL_Production\sdxl_merged_2080\S01401.png,png,6785
results\SDXL_Controlled_Study_Results\02_SDXL_Production\sdxl_merged_2080\S01402.png,png,9433
results\SDXL_Controlled_Study_Results\02_SDXL_Production\sdxl_merged_2080\S01403.png,png,8178
results\SDXL_Controlled_Study_Results\02_SDXL_Production\sdxl_merged_2080\S01404.png,png,7518
results\SDXL_Controlled_Study_Results\02_SDXL_Production\sdxl_merged_2080\S01405.png,png,8361
results\SDXL_Controlled_Study_Results\02_SDXL_Production\sdxl_merged_2080\S01406.png,png,7388
results\SDXL_Controlled_Study_Results\02_SDXL_Production\sdxl_merged_2080\S01407.png,png,10348
results\SDXL_Controlled_Study_Results\02_SDXL_Production\sdxl_merged_2080\S01408.png,png,9006
results\SDXL_Controlled_Study_Results\02_SDXL_Production\sdxl_merged_2080\S01409.png,png,7889
results\SDXL_Controlled_Study_Results\02_SDXL_Production\sdxl_merged_2080\S01410.png,png,8030
results\SDXL_Controlled_Study_Results\02_SDXL_Production\sdxl_merged_2080\S01411.png,png,7261
results\SDXL_Controlled_Study_Results\02_SDXL_Production\sdxl_merged_2080\S01412.png,png,8559
results\SDXL_Controlled_Study_Results\02_SDXL_Production\sdxl_merged_2080\S01413.png,png,9593
results\SDXL_Controlled_Study_Results\02_SDXL_Production\sdxl_merged_2080\S01414.png,png,9902
results\SDXL_Controlled_Study_Results\02_SDXL_Production\sdxl_merged_2080\S01415.png,png,8813
results\SDXL_Controlled_Study_Results\02_SDXL_Production\sdxl_merged_2080\S01416.png,png,10080
results\SDXL_Controlled_Study_Results\02_SDXL_Production\sdxl_merged_2080\S01417.png,png,7540
results\SDXL_Controlled_Study_Results\02_SDXL_Production\sdxl_merged_2080\S01418.png,png,9438
results\SDXL_Controlled_Study_Results\02_SDXL_Production\sdxl_merged_2080\S01419.png,png,9162
results\SDXL_Controlled_Study_Results\02_SDXL_Production\sdxl_merged_2080\S01420.png,png,8666
results\SDXL_Controlled_Study_Results\02_SDXL_Production\sdxl_merged_2080\S01421.png,png,9056
results\SDXL_Controlled_Study_Results\02_SDXL_Production\sdxl_merged_2080\S01422.png,png,8193
results\SDXL_Controlled_Study_Results\02_SDXL_Production\sdxl_merged_2080\S01423.png,png,7979
results\SDXL_Controlled_Study_Results\02_SDXL_Production\sdxl_merged_2080\S01424.png,png,8666
results\SDXL_Controlled_Study_Results\02_SDXL_Production\sdxl_merged_2080\S01425.png,png,8928
results\SDXL_Controlled_Study_Results\02_SDXL_Production\sdxl_merged_2080\S01426.png,png,8875
results\SDXL_Controlled_Study_Results\02_SDXL_Production\sdxl_merged_2080\S01427.png,png,8470
results\SDXL_Controlled_Study_Results\02_SDXL_Production\sdxl_merged_2080\S01428.png,png,7984
results\SDXL_Controlled_Study_Results\02_SDXL_Production\sdxl_merged_2080\S01429.png,png,8382
results\SDXL_Controlled_Study_Results\02_SDXL_Production\sdxl_merged_2080\S01430.png,png,8963
results\SDXL_Controlled_Study_Results\02_SDXL_Production\sdxl_merged_2080\S01431.png,png,7704
results\SDXL_Controlled_Study_Results\02_SDXL_Production\sdxl_merged_2080\S01432.png,png,7908
results\SDXL_Controlled_Study_Results\02_SDXL_Production\sdxl_merged_2080\S01433.png,png,10329
results\SDXL_Controlled_Study_Results\02_SDXL_Production\sdxl_merged_2080\S01434.png,png,9788
results\SDXL_Controlled_Study_Results\02_SDXL_Production\sdxl_merged_2080\S01435.png,png,6682
results\SDXL_Controlled_Study_Results\02_SDXL_Production\sdxl_merged_2080\S01436.png,png,9954
results\SDXL_Controlled_Study_Results\02_SDXL_Production\sdxl_merged_2080\S01437.png,png,8219
results\SDXL_Controlled_Study_Results\02_SDXL_Production\sdxl_merged_2080\S01438.png,png,8599
results\SDXL_Controlled_Study_Results\02_SDXL_Production\sdxl_merged_2080\S01439.png,png,8368
results\SDXL_Controlled_Study_Results\02_SDXL_Production\sdxl_merged_2080\S01440.png,png,8894
results\SDXL_Controlled_Study_Results\02_SDXL_Production\sdxl_merged_2080\S01441.png,png,6923
results\SDXL_Controlled_Study_Results\02_SDXL_Production\sdxl_merged_2080\S01443.png,png,8117
results\SDXL_Controlled_Study_Results\02_SDXL_Production\sdxl_merged_2080\S01444.png,png,8690
results\SDXL_Controlled_Study_Results\02_SDXL_Production\sdxl_merged_2080\S01445.png,png,9720
results\SDXL_Controlled_Study_Results\02_SDXL_Production\sdxl_merged_2080\S01446.png,png,9784
results\SDXL_Controlled_Study_Results\02_SDXL_Production\sdxl_merged_2080\S01447.png,png,8664
results\SDXL_Controlled_Study_Results\02_SDXL_Production\sdxl_merged_2080\S01448.png,png,9517
results\SDXL_Controlled_Study_Results\02_SDXL_Production\sdxl_merged_2080\S01449.png,png,7490
results\SDXL_Controlled_Study_Results\02_SDXL_Production\sdxl_merged_2080\S01450.png,png,8740
results\SDXL_Controlled_Study_Results\02_SDXL_Production\sdxl_merged_2080\S01451.png,png,9693
results\SDXL_Controlled_Study_Results\02_SDXL_Production\sdxl_merged_2080\S01452.png,png,8572
results\SDXL_Controlled_Study_Results\02_SDXL_Production\sdxl_merged_2080\S01453.png,png,9198
results\SDXL_Controlled_Study_Results\02_SDXL_Production\sdxl_merged_2080\S01454.png,png,8221
results\SDXL_Controlled_Study_Results\02_SDXL_Production\sdxl_merged_2080\S01455.png,png,8928
results\SDXL_Controlled_Study_Results\02_SDXL_Production\sdxl_merged_2080\S01456.png,png,9287
results\SDXL_Controlled_Study_Results\02_SDXL_Production\sdxl_merged_2080\S01457.png,png,8728
results\SDXL_Controlled_Study_Results\02_SDXL_Production\sdxl_merged_2080\S01458.png,png,8643
results\SDXL_Controlled_Study_Results\02_SDXL_Production\sdxl_merged_2080\S01459.png,png,7846
results\SDXL_Controlled_Study_Results\02_SDXL_Production\sdxl_merged_2080\S01460.png,png,8111
results\SDXL_Controlled_Study_Results\02_SDXL_Production\sdxl_merged_2080\S01461.png,png,9730
results\SDXL_Controlled_Study_Results\02_SDXL_Production\sdxl_merged_2080\S01462.png,png,8642
results\SDXL_Controlled_Study_Results\02_SDXL_Production\sdxl_merged_2080\S01463.png,png,8045
results\SDXL_Controlled_Study_Results\02_SDXL_Production\sdxl_merged_2080\S01464.png,png,8307
results\SDXL_Controlled_Study_Results\02_SDXL_Production\sdxl_merged_2080\S01465.png,png,8215
results\SDXL_Controlled_Study_Results\02_SDXL_Production\sdxl_merged_2080\S01466.png,png,8810
results\SDXL_Controlled_Study_Results\02_SDXL_Production\sdxl_merged_2080\S01467.png,png,9901
results\SDXL_Controlled_Study_Results\02_SDXL_Production\sdxl_merged_2080\S01468.png,png,8887
results\SDXL_Controlled_Study_Results\02_SDXL_Production\sdxl_merged_2080\S01469.png,png,9463
results\SDXL_Controlled_Study_Results\02_SDXL_Production\sdxl_merged_2080\S01470.png,png,9169
results\SDXL_Controlled_Study_Results\02_SDXL_Production\sdxl_merged_2080\S01471.png,png,8762
results\SDXL_Controlled_Study_Results\02_SDXL_Production\sdxl_merged_2080\S01472.png,png,8996
results\SDXL_Controlled_Study_Results\02_SDXL_Production\sdxl_merged_2080\S01473.png,png,7915
results\SDXL_Controlled_Study_Results\02_SDXL_Production\sdxl_merged_2080\S01474.png,png,7511
results\SDXL_Controlled_Study_Results\02_SDXL_Production\sdxl_merged_2080\S01475.png,png,7287
results\SDXL_Controlled_Study_Results\02_SDXL_Production\sdxl_merged_2080\S01476.png,png,6052
results\SDXL_Controlled_Study_Results\02_SDXL_Production\sdxl_merged_2080\S01477.png,png,5501
results\SDXL_Controlled_Study_Results\02_SDXL_Production\sdxl_merged_2080\S01478.png,png,9948
results\SDXL_Controlled_Study_Results\02_SDXL_Production\sdxl_merged_2080\S01479.png,png,10048
results\SDXL_Controlled_Study_Results\02_SDXL_Production\sdxl_merged_2080\S01480.png,png,9542
results\SDXL_Controlled_Study_Results\02_SDXL_Production\sdxl_merged_2080\S01481.png,png,8116
results\SDXL_Controlled_Study_Results\02_SDXL_Production\sdxl_merged_2080\S01482.png,png,8732
results\SDXL_Controlled_Study_Results\02_SDXL_Production\sdxl_merged_2080\S01483.png,png,10631
results\SDXL_Controlled_Study_Results\02_SDXL_Production\sdxl_merged_2080\S01484.png,png,7266
results\SDXL_Controlled_Study_Results\02_SDXL_Production\sdxl_merged_2080\S01485.png,png,8844
results\SDXL_Controlled_Study_Results\02_SDXL_Production\sdxl_merged_2080\S01486.png,png,9170
results\SDXL_Controlled_Study_Results\02_SDXL_Production\sdxl_merged_2080\S01487.png,png,8990
results\SDXL_Controlled_Study_Results\02_SDXL_Production\sdxl_merged_2080\S01488.png,png,8577
results\SDXL_Controlled_Study_Results\02_SDXL_Production\sdxl_merged_2080\S01489.png,png,7197
results\SDXL_Controlled_Study_Results\02_SDXL_Production\sdxl_merged_2080\S01490.png,png,8022
results\SDXL_Controlled_Study_Results\02_SDXL_Production\sdxl_merged_2080\S01491.png,png,8558
results\SDXL_Controlled_Study_Results\02_SDXL_Production\sdxl_merged_2080\S01492.png,png,8418
results\SDXL_Controlled_Study_Results\02_SDXL_Production\sdxl_merged_2080\S01493.png,png,8763
results\SDXL_Controlled_Study_Results\02_SDXL_Production\sdxl_merged_2080\S01494.png,png,7412
results\SDXL_Controlled_Study_Results\02_SDXL_Production\sdxl_merged_2080\S01495.png,png,9710
results\SDXL_Controlled_Study_Results\02_SDXL_Production\sdxl_merged_2080\S01496.png,png,10143
results\SDXL_Controlled_Study_Results\02_SDXL_Production\sdxl_merged_2080\S01497.png,png,9271
results\SDXL_Controlled_Study_Results\02_SDXL_Production\sdxl_merged_2080\S01498.png,png,8910
results\SDXL_Controlled_Study_Results\02_SDXL_Production\sdxl_merged_2080\S01499.png,png,8423
results\SDXL_Controlled_Study_Results\02_SDXL_Production\sdxl_merged_2080\S01500.png,png,9463
results\SDXL_Controlled_Study_Results\02_SDXL_Production\sdxl_merged_2080\S01501.png,png,9578
results\SDXL_Controlled_Study_Results\02_SDXL_Production\sdxl_merged_2080\S01502.png,png,6957
results\SDXL_Controlled_Study_Results\02_SDXL_Production\sdxl_merged_2080\S01503.png,png,9528
results\SDXL_Controlled_Study_Results\02_SDXL_Production\sdxl_merged_2080\S01504.png,png,9352
results\SDXL_Controlled_Study_Results\02_SDXL_Production\sdxl_merged_2080\S01505.png,png,7589
results\SDXL_Controlled_Study_Results\02_SDXL_Production\sdxl_merged_2080\S01506.png,png,8439
results\SDXL_Controlled_Study_Results\02_SDXL_Production\sdxl_merged_2080\S01507.png,png,6834
results\SDXL_Controlled_Study_Results\02_SDXL_Production\sdxl_merged_2080\S01508.png,png,8177
results\SDXL_Controlled_Study_Results\02_SDXL_Production\sdxl_merged_2080\S01509.png,png,9861
results\SDXL_Controlled_Study_Results\02_SDXL_Production\sdxl_merged_2080\S01510.png,png,6799
results\SDXL_Controlled_Study_Results\02_SDXL_Production\sdxl_merged_2080\S01511.png,png,5705
results\SDXL_Controlled_Study_Results\02_SDXL_Production\sdxl_merged_2080\S01512.png,png,8529
results\SDXL_Controlled_Study_Results\02_SDXL_Production\sdxl_merged_2080\S01513.png,png,8119
results\SDXL_Controlled_Study_Results\02_SDXL_Production\sdxl_merged_2080\S01514.png,png,9817
results\SDXL_Controlled_Study_Results\02_SDXL_Production\sdxl_merged_2080\S01515.png,png,9327
results\SDXL_Controlled_Study_Results\02_SDXL_Production\sdxl_merged_2080\S01516.png,png,8415
results\SDXL_Controlled_Study_Results\02_SDXL_Production\sdxl_merged_2080\S01517.png,png,8976
results\SDXL_Controlled_Study_Results\02_SDXL_Production\sdxl_merged_2080\S01518.png,png,8451
results\SDXL_Controlled_Study_Results\02_SDXL_Production\sdxl_merged_2080\S01519.png,png,9873
results\SDXL_Controlled_Study_Results\02_SDXL_Production\sdxl_merged_2080\S01520.png,png,8519
results\SDXL_Controlled_Study_Results\02_SDXL_Production\sdxl_merged_2080\S01521.png,png,8229
results\SDXL_Controlled_Study_Results\02_SDXL_Production\sdxl_merged_2080\S01522.png,png,8374
results\SDXL_Controlled_Study_Results\02_SDXL_Production\sdxl_merged_2080\S01523.png,png,7354
results\SDXL_Controlled_Study_Results\02_SDXL_Production\sdxl_merged_2080\S01524.png,png,6571
results\SDXL_Controlled_Study_Results\02_SDXL_Production\sdxl_merged_2080\S01525.png,png,9473
results\SDXL_Controlled_Study_Results\02_SDXL_Production\sdxl_merged_2080\S01526.png,png,10120
results\SDXL_Controlled_Study_Results\02_SDXL_Production\sdxl_merged_2080\S01527.png,png,7411
results\SDXL_Controlled_Study_Results\02_SDXL_Production\sdxl_merged_2080\S01528.png,png,8609
results\SDXL_Controlled_Study_Results\02_SDXL_Production\sdxl_merged_2080\S01529.png,png,8756
results\SDXL_Controlled_Study_Results\02_SDXL_Production\sdxl_merged_2080\S01530.png,png,9057
results\SDXL_Controlled_Study_Results\02_SDXL_Production\sdxl_merged_2080\S01531.png,png,9415
results\SDXL_Controlled_Study_Results\02_SDXL_Production\sdxl_merged_2080\S01532.png,png,8512
results\SDXL_Controlled_Study_Results\02_SDXL_Production\sdxl_merged_2080\S01533.png,png,9769
results\SDXL_Controlled_Study_Results\02_SDXL_Production\sdxl_merged_2080\S01534.png,png,8956
results\SDXL_Controlled_Study_Results\02_SDXL_Production\sdxl_merged_2080\S01535.png,png,8478
results\SDXL_Controlled_Study_Results\02_SDXL_Production\sdxl_merged_2080\S01536.png,png,8573
results\SDXL_Controlled_Study_Results\02_SDXL_Production\sdxl_merged_2080\S01537.png,png,7807
results\SDXL_Controlled_Study_Results\02_SDXL_Production\sdxl_merged_2080\S01538.png,png,8075
results\SDXL_Controlled_Study_Results\02_SDXL_Production\sdxl_merged_2080\S01539.png,png,8316
results\SDXL_Controlled_Study_Results\02_SDXL_Production\sdxl_merged_2080\S01540.png,png,8771
results\SDXL_Controlled_Study_Results\02_SDXL_Production\sdxl_merged_2080\S01541.png,png,9427
results\SDXL_Controlled_Study_Results\02_SDXL_Production\sdxl_merged_2080\S01542.png,png,9205
results\SDXL_Controlled_Study_Results\02_SDXL_Production\sdxl_merged_2080\S01543.png,png,9588
results\SDXL_Controlled_Study_Results\02_SDXL_Production\sdxl_merged_2080\S01544.png,png,9521
results\SDXL_Controlled_Study_Results\02_SDXL_Production\sdxl_merged_2080\S01545.png,png,6940
results\SDXL_Controlled_Study_Results\02_SDXL_Production\sdxl_merged_2080\S01546.png,png,9156
results\SDXL_Controlled_Study_Results\02_SDXL_Production\sdxl_merged_2080\S01547.png,png,9721
results\SDXL_Controlled_Study_Results\02_SDXL_Production\sdxl_merged_2080\S01548.png,png,9736
results\SDXL_Controlled_Study_Results\02_SDXL_Production\sdxl_merged_2080\S01549.png,png,9619
results\SDXL_Controlled_Study_Results\02_SDXL_Production\sdxl_merged_2080\S01550.png,png,7579
results\SDXL_Controlled_Study_Results\02_SDXL_Production\sdxl_merged_2080\S01551.png,png,8749
results\SDXL_Controlled_Study_Results\02_SDXL_Production\sdxl_merged_2080\S01552.png,png,9183
results\SDXL_Controlled_Study_Results\02_SDXL_Production\sdxl_merged_2080\S01553.png,png,7643
results\SDXL_Controlled_Study_Results\02_SDXL_Production\sdxl_merged_2080\S01554.png,png,8184
results\SDXL_Controlled_Study_Results\02_SDXL_Production\sdxl_merged_2080\S01555.png,png,7776
results\SDXL_Controlled_Study_Results\02_SDXL_Production\sdxl_merged_2080\S01556.png,png,5427
results\SDXL_Controlled_Study_Results\02_SDXL_Production\sdxl_merged_2080\S01557.png,png,8346
results\SDXL_Controlled_Study_Results\02_SDXL_Production\sdxl_merged_2080\S01558.png,png,10020
results\SDXL_Controlled_Study_Results\02_SDXL_Production\sdxl_merged_2080\S01559.png,png,7127
results\SDXL_Controlled_Study_Results\02_SDXL_Production\sdxl_merged_2080\S01560.png,png,9702
results\SDXL_Controlled_Study_Results\02_SDXL_Production\sdxl_merged_2080\S01561.png,png,9658
results\SDXL_Controlled_Study_Results\02_SDXL_Production\sdxl_merged_2080\S01562.png,png,9087
results\SDXL_Controlled_Study_Results\02_SDXL_Production\sdxl_merged_2080\S01563.png,png,9572
results\SDXL_Controlled_Study_Results\02_SDXL_Production\sdxl_merged_2080\S01564.png,png,7554
results\SDXL_Controlled_Study_Results\02_SDXL_Production\sdxl_merged_2080\S01565.png,png,9412
results\SDXL_Controlled_Study_Results\02_SDXL_Production\sdxl_merged_2080\S01566.png,png,7903
results\SDXL_Controlled_Study_Results\02_SDXL_Production\sdxl_merged_2080\S01567.png,png,8845
results\SDXL_Controlled_Study_Results\02_SDXL_Production\sdxl_merged_2080\S01568.png,png,9200
results\SDXL_Controlled_Study_Results\02_SDXL_Production\sdxl_merged_2080\S01569.png,png,7981
results\SDXL_Controlled_Study_Results\02_SDXL_Production\sdxl_merged_2080\S01570.png,png,8846
results\SDXL_Controlled_Study_Results\02_SDXL_Production\sdxl_merged_2080\S01571.png,png,7851
results\SDXL_Controlled_Study_Results\02_SDXL_Production\sdxl_merged_2080\S01572.png,png,8613
results\SDXL_Controlled_Study_Results\02_SDXL_Production\sdxl_merged_2080\S01573.png,png,8680
results\SDXL_Controlled_Study_Results\02_SDXL_Production\sdxl_merged_2080\S01574.png,png,9243
results\SDXL_Controlled_Study_Results\02_SDXL_Production\sdxl_merged_2080\S01575.png,png,8297
results\SDXL_Controlled_Study_Results\02_SDXL_Production\sdxl_merged_2080\S01576.png,png,9807
results\SDXL_Controlled_Study_Results\02_SDXL_Production\sdxl_merged_2080\S01577.png,png,9680
results\SDXL_Controlled_Study_Results\02_SDXL_Production\sdxl_merged_2080\S01578.png,png,9109
results\SDXL_Controlled_Study_Results\02_SDXL_Production\sdxl_merged_2080\S01579.png,png,9353
results\SDXL_Controlled_Study_Results\02_SDXL_Production\sdxl_merged_2080\S01580.png,png,9189
results\SDXL_Controlled_Study_Results\02_SDXL_Production\sdxl_merged_2080\S01581.png,png,8385
results\SDXL_Controlled_Study_Results\02_SDXL_Production\sdxl_merged_2080\S01582.png,png,8085
results\SDXL_Controlled_Study_Results\02_SDXL_Production\sdxl_merged_2080\S01583.png,png,9272
results\SDXL_Controlled_Study_Results\02_SDXL_Production\sdxl_merged_2080\S01584.png,png,8960
results\SDXL_Controlled_Study_Results\02_SDXL_Production\sdxl_merged_2080\S01585.png,png,8010
results\SDXL_Controlled_Study_Results\02_SDXL_Production\sdxl_merged_2080\S01586.png,png,7966
results\SDXL_Controlled_Study_Results\02_SDXL_Production\sdxl_merged_2080\S01587.png,png,8153
results\SDXL_Controlled_Study_Results\02_SDXL_Production\sdxl_merged_2080\S01588.png,png,6389
results\SDXL_Controlled_Study_Results\02_SDXL_Production\sdxl_merged_2080\S01589.png,png,9139
results\SDXL_Controlled_Study_Results\02_SDXL_Production\sdxl_merged_2080\S01590.png,png,9906
results\SDXL_Controlled_Study_Results\02_SDXL_Production\sdxl_merged_2080\S01591.png,png,9302
results\SDXL_Controlled_Study_Results\02_SDXL_Production\sdxl_merged_2080\S01592.png,png,9040
results\SDXL_Controlled_Study_Results\02_SDXL_Production\sdxl_merged_2080\S01593.png,png,8621
results\SDXL_Controlled_Study_Results\02_SDXL_Production\sdxl_merged_2080\S01595.png,png,9171
results\SDXL_Controlled_Study_Results\02_SDXL_Production\sdxl_merged_2080\S01596.png,png,9643
results\SDXL_Controlled_Study_Results\02_SDXL_Production\sdxl_merged_2080\S01597.png,png,9957
results\SDXL_Controlled_Study_Results\02_SDXL_Production\sdxl_merged_2080\S01598.png,png,9006
results\SDXL_Controlled_Study_Results\02_SDXL_Production\sdxl_merged_2080\S01599.png,png,9246
results\SDXL_Controlled_Study_Results\02_SDXL_Production\sdxl_merged_2080\S01600.png,png,8863
results\SDXL_Controlled_Study_Results\02_SDXL_Production\sdxl_merged_2080\S01602.png,png,8574
results\SDXL_Controlled_Study_Results\02_SDXL_Production\sdxl_merged_2080\S01603.png,png,6240
results\SDXL_Controlled_Study_Results\02_SDXL_Production\sdxl_merged_2080\S01604.png,png,7775
results\SDXL_Controlled_Study_Results\02_SDXL_Production\sdxl_merged_2080\S01605.png,png,8748
results\SDXL_Controlled_Study_Results\02_SDXL_Production\sdxl_merged_2080\S01606.png,png,8332
results\SDXL_Controlled_Study_Results\02_SDXL_Production\sdxl_merged_2080\S01607.png,png,7983
results\SDXL_Controlled_Study_Results\02_SDXL_Production\sdxl_merged_2080\S01608.png,png,8380
results\SDXL_Controlled_Study_Results\02_SDXL_Production\sdxl_merged_2080\S01609.png,png,6505
results\SDXL_Controlled_Study_Results\02_SDXL_Production\sdxl_merged_2080\S01610.png,png,9172
results\SDXL_Controlled_Study_Results\02_SDXL_Production\sdxl_merged_2080\S01611.png,png,9951
results\SDXL_Controlled_Study_Results\02_SDXL_Production\sdxl_merged_2080\S01612.png,png,9607
results\SDXL_Controlled_Study_Results\02_SDXL_Production\sdxl_merged_2080\S01613.png,png,10096
results\SDXL_Controlled_Study_Results\02_SDXL_Production\sdxl_merged_2080\S01614.png,png,6588
results\SDXL_Controlled_Study_Results\02_SDXL_Production\sdxl_merged_2080\S01615.png,png,10498
results\SDXL_Controlled_Study_Results\02_SDXL_Production\sdxl_merged_2080\S01616.png,png,9201
results\SDXL_Controlled_Study_Results\02_SDXL_Production\sdxl_merged_2080\S01617.png,png,8154
results\SDXL_Controlled_Study_Results\02_SDXL_Production\sdxl_merged_2080\S01618.png,png,7484
results\SDXL_Controlled_Study_Results\02_SDXL_Production\sdxl_merged_2080\S01619.png,png,6672
results\SDXL_Controlled_Study_Results\02_SDXL_Production\sdxl_merged_2080\S01620.png,png,8250
results\SDXL_Controlled_Study_Results\02_SDXL_Production\sdxl_merged_2080\S01621.png,png,10207
results\SDXL_Controlled_Study_Results\02_SDXL_Production\sdxl_merged_2080\S01622.png,png,7891
results\SDXL_Controlled_Study_Results\02_SDXL_Production\sdxl_merged_2080\S01623.png,png,8499
results\SDXL_Controlled_Study_Results\02_SDXL_Production\sdxl_merged_2080\S01624.png,png,7915
results\SDXL_Controlled_Study_Results\02_SDXL_Production\sdxl_merged_2080\S01625.png,png,9247
results\SDXL_Controlled_Study_Results\02_SDXL_Production\sdxl_merged_2080\S01626.png,png,10111
results\SDXL_Controlled_Study_Results\02_SDXL_Production\sdxl_merged_2080\S01627.png,png,9585
results\SDXL_Controlled_Study_Results\02_SDXL_Production\sdxl_merged_2080\S01628.png,png,9302
results\SDXL_Controlled_Study_Results\02_SDXL_Production\sdxl_merged_2080\S01629.png,png,7838
results\SDXL_Controlled_Study_Results\02_SDXL_Production\sdxl_merged_2080\S01630.png,png,8908
results\SDXL_Controlled_Study_Results\02_SDXL_Production\sdxl_merged_2080\S01631.png,png,9529
results\SDXL_Controlled_Study_Results\02_SDXL_Production\sdxl_merged_2080\S01632.png,png,9569
results\SDXL_Controlled_Study_Results\02_SDXL_Production\sdxl_merged_2080\S01633.png,png,8702
results\SDXL_Controlled_Study_Results\02_SDXL_Production\sdxl_merged_2080\S01634.png,png,9059
results\SDXL_Controlled_Study_Results\02_SDXL_Production\sdxl_merged_2080\S01635.png,png,8605
results\SDXL_Controlled_Study_Results\02_SDXL_Production\sdxl_merged_2080\S01636.png,png,7872
results\SDXL_Controlled_Study_Results\02_SDXL_Production\sdxl_merged_2080\S01637.png,png,8644
results\SDXL_Controlled_Study_Results\02_SDXL_Production\sdxl_merged_2080\S01638.png,png,10039
results\SDXL_Controlled_Study_Results\02_SDXL_Production\sdxl_merged_2080\S01639.png,png,9108
results\SDXL_Controlled_Study_Results\02_SDXL_Production\sdxl_merged_2080\S01640.png,png,7768
results\SDXL_Controlled_Study_Results\02_SDXL_Production\sdxl_merged_2080\S01641.png,png,8147
results\SDXL_Controlled_Study_Results\02_SDXL_Production\sdxl_merged_2080\S01642.png,png,9764
results\SDXL_Controlled_Study_Results\02_SDXL_Production\sdxl_merged_2080\S01643.png,png,8572
results\SDXL_Controlled_Study_Results\02_SDXL_Production\sdxl_merged_2080\S01644.png,png,6436
results\SDXL_Controlled_Study_Results\02_SDXL_Production\sdxl_merged_2080\S01645.png,png,8410
results\SDXL_Controlled_Study_Results\02_SDXL_Production\sdxl_merged_2080\S01646.png,png,8509
results\SDXL_Controlled_Study_Results\02_SDXL_Production\sdxl_merged_2080\S01647.png,png,8587
results\SDXL_Controlled_Study_Results\02_SDXL_Production\sdxl_merged_2080\S01648.png,png,8298
results\SDXL_Controlled_Study_Results\02_SDXL_Production\sdxl_merged_2080\S01649.png,png,9966
results\SDXL_Controlled_Study_Results\02_SDXL_Production\sdxl_merged_2080\S01650.png,png,8453
results\SDXL_Controlled_Study_Results\02_SDXL_Production\sdxl_merged_2080\S01651.png,png,7781
results\SDXL_Controlled_Study_Results\02_SDXL_Production\sdxl_merged_2080\S01652.png,png,7997
results\SDXL_Controlled_Study_Results\02_SDXL_Production\sdxl_merged_2080\S01653.png,png,7555
results\SDXL_Controlled_Study_Results\02_SDXL_Production\sdxl_merged_2080\S01654.png,png,9868
results\SDXL_Controlled_Study_Results\02_SDXL_Production\sdxl_merged_2080\S01655.png,png,9490
results\SDXL_Controlled_Study_Results\02_SDXL_Production\sdxl_merged_2080\S01656.png,png,8981
results\SDXL_Controlled_Study_Results\02_SDXL_Production\sdxl_merged_2080\S01657.png,png,6717
results\SDXL_Controlled_Study_Results\02_SDXL_Production\sdxl_merged_2080\S01658.png,png,9217
results\SDXL_Controlled_Study_Results\02_SDXL_Production\sdxl_merged_2080\S01659.png,png,8289
results\SDXL_Controlled_Study_Results\02_SDXL_Production\sdxl_merged_2080\S01660.png,png,8487
results\SDXL_Controlled_Study_Results\02_SDXL_Production\sdxl_merged_2080\S01661.png,png,10335
results\SDXL_Controlled_Study_Results\02_SDXL_Production\sdxl_merged_2080\S01662.png,png,6456
results\SDXL_Controlled_Study_Results\02_SDXL_Production\sdxl_merged_2080\S01663.png,png,8546
results\SDXL_Controlled_Study_Results\02_SDXL_Production\sdxl_merged_2080\S01664.png,png,9166
results\SDXL_Controlled_Study_Results\02_SDXL_Production\sdxl_merged_2080\S01665.png,png,8177
results\SDXL_Controlled_Study_Results\02_SDXL_Production\sdxl_merged_2080\S01666.png,png,8874
results\SDXL_Controlled_Study_Results\02_SDXL_Production\sdxl_merged_2080\S01667.png,png,7966
results\SDXL_Controlled_Study_Results\02_SDXL_Production\sdxl_merged_2080\S01668.png,png,7374
results\SDXL_Controlled_Study_Results\02_SDXL_Production\sdxl_merged_2080\S01669.png,png,9204
results\SDXL_Controlled_Study_Results\02_SDXL_Production\sdxl_merged_2080\S01670.png,png,8496
results\SDXL_Controlled_Study_Results\02_SDXL_Production\sdxl_merged_2080\S01671.png,png,9092
results\SDXL_Controlled_Study_Results\02_SDXL_Production\sdxl_merged_2080\S01672.png,png,9260
results\SDXL_Controlled_Study_Results\02_SDXL_Production\sdxl_merged_2080\S01673.png,png,8549
results\SDXL_Controlled_Study_Results\02_SDXL_Production\sdxl_merged_2080\S01674.png,png,8588
results\SDXL_Controlled_Study_Results\02_SDXL_Production\sdxl_merged_2080\S01675.png,png,9287
results\SDXL_Controlled_Study_Results\02_SDXL_Production\sdxl_merged_2080\S01676.png,png,9387
results\SDXL_Controlled_Study_Results\02_SDXL_Production\sdxl_merged_2080\S01677.png,png,9702
results\SDXL_Controlled_Study_Results\02_SDXL_Production\sdxl_merged_2080\S01678.png,png,9399
results\SDXL_Controlled_Study_Results\02_SDXL_Production\sdxl_merged_2080\S01679.png,png,8987
results\SDXL_Controlled_Study_Results\02_SDXL_Production\sdxl_merged_2080\S01680.png,png,9535
results\SDXL_Controlled_Study_Results\02_SDXL_Production\sdxl_merged_2080\S01681.png,png,8811
results\SDXL_Controlled_Study_Results\02_SDXL_Production\sdxl_merged_2080\S01682.png,png,8560
results\SDXL_Controlled_Study_Results\02_SDXL_Production\sdxl_merged_2080\S01683.png,png,8747
results\SDXL_Controlled_Study_Results\02_SDXL_Production\sdxl_merged_2080\S01684.png,png,8918
results\SDXL_Controlled_Study_Results\02_SDXL_Production\sdxl_merged_2080\S01685.png,png,9378
results\SDXL_Controlled_Study_Results\02_SDXL_Production\sdxl_merged_2080\S01686.png,png,8204
results\SDXL_Controlled_Study_Results\02_SDXL_Production\sdxl_merged_2080\S01687.png,png,7108
results\SDXL_Controlled_Study_Results\02_SDXL_Production\sdxl_merged_2080\S01688.png,png,9645
results\SDXL_Controlled_Study_Results\02_SDXL_Production\sdxl_merged_2080\S01689.png,png,8888
results\SDXL_Controlled_Study_Results\02_SDXL_Production\sdxl_merged_2080\S01690.png,png,9555
results\SDXL_Controlled_Study_Results\02_SDXL_Production\sdxl_merged_2080\S01691.png,png,9116
results\SDXL_Controlled_Study_Results\02_SDXL_Production\sdxl_merged_2080\S01692.png,png,9045
results\SDXL_Controlled_Study_Results\02_SDXL_Production\sdxl_merged_2080\S01693.png,png,8922
results\SDXL_Controlled_Study_Results\02_SDXL_Production\sdxl_merged_2080\S01694.png,png,7283
results\SDXL_Controlled_Study_Results\02_SDXL_Production\sdxl_merged_2080\S01695.png,png,9617
results\SDXL_Controlled_Study_Results\02_SDXL_Production\sdxl_merged_2080\S01696.png,png,9522
results\SDXL_Controlled_Study_Results\02_SDXL_Production\sdxl_merged_2080\S01697.png,png,6717
results\SDXL_Controlled_Study_Results\02_SDXL_Production\sdxl_merged_2080\S01698.png,png,7182
results\SDXL_Controlled_Study_Results\02_SDXL_Production\sdxl_merged_2080\S01699.png,png,8785
results\SDXL_Controlled_Study_Results\02_SDXL_Production\sdxl_merged_2080\S01700.png,png,9271
results\SDXL_Controlled_Study_Results\02_SDXL_Production\sdxl_merged_2080\S01701.png,png,8871
results\SDXL_Controlled_Study_Results\02_SDXL_Production\sdxl_merged_2080\S01702.png,png,8895
results\SDXL_Controlled_Study_Results\02_SDXL_Production\sdxl_merged_2080\S01703.png,png,9176
results\SDXL_Controlled_Study_Results\02_SDXL_Production\sdxl_merged_2080\S01704.png,png,8258
results\SDXL_Controlled_Study_Results\02_SDXL_Production\sdxl_merged_2080\S01705.png,png,6960
results\SDXL_Controlled_Study_Results\02_SDXL_Production\sdxl_merged_2080\S01706.png,png,8441
results\SDXL_Controlled_Study_Results\02_SDXL_Production\sdxl_merged_2080\S01707.png,png,9713
results\SDXL_Controlled_Study_Results\02_SDXL_Production\sdxl_merged_2080\S01708.png,png,9199
results\SDXL_Controlled_Study_Results\02_SDXL_Production\sdxl_merged_2080\S01709.png,png,8250
results\SDXL_Controlled_Study_Results\02_SDXL_Production\sdxl_merged_2080\S01710.png,png,6721
results\SDXL_Controlled_Study_Results\02_SDXL_Production\sdxl_merged_2080\S01711.png,png,9632
results\SDXL_Controlled_Study_Results\02_SDXL_Production\sdxl_merged_2080\S01712.png,png,8955
results\SDXL_Controlled_Study_Results\02_SDXL_Production\sdxl_merged_2080\S01713.png,png,8417
results\SDXL_Controlled_Study_Results\02_SDXL_Production\sdxl_merged_2080\S01714.png,png,7172
results\SDXL_Controlled_Study_Results\02_SDXL_Production\sdxl_merged_2080\S01715.png,png,8270
results\SDXL_Controlled_Study_Results\02_SDXL_Production\sdxl_merged_2080\S01716.png,png,8456
results\SDXL_Controlled_Study_Results\02_SDXL_Production\sdxl_merged_2080\S01717.png,png,7971
results\SDXL_Controlled_Study_Results\02_SDXL_Production\sdxl_merged_2080\S01718.png,png,9930
results\SDXL_Controlled_Study_Results\02_SDXL_Production\sdxl_merged_2080\S01719.png,png,8604
results\SDXL_Controlled_Study_Results\02_SDXL_Production\sdxl_merged_2080\S01720.png,png,9136
results\SDXL_Controlled_Study_Results\02_SDXL_Production\sdxl_merged_2080\S01721.png,png,6582
results\SDXL_Controlled_Study_Results\02_SDXL_Production\sdxl_merged_2080\S01722.png,png,8029
results\SDXL_Controlled_Study_Results\02_SDXL_Production\sdxl_merged_2080\S01723.png,png,10138
results\SDXL_Controlled_Study_Results\02_SDXL_Production\sdxl_merged_2080\S01724.png,png,8736
results\SDXL_Controlled_Study_Results\02_SDXL_Production\sdxl_merged_2080\S01725.png,png,9763
results\SDXL_Controlled_Study_Results\02_SDXL_Production\sdxl_merged_2080\S01726.png,png,9179
results\SDXL_Controlled_Study_Results\02_SDXL_Production\sdxl_merged_2080\S01727.png,png,9225
results\SDXL_Controlled_Study_Results\02_SDXL_Production\sdxl_merged_2080\S01728.png,png,8782
results\SDXL_Controlled_Study_Results\02_SDXL_Production\sdxl_merged_2080\S01729.png,png,8019
results\SDXL_Controlled_Study_Results\02_SDXL_Production\sdxl_merged_2080\S01730.png,png,7926
results\SDXL_Controlled_Study_Results\02_SDXL_Production\sdxl_merged_2080\S01731.png,png,7386
results\SDXL_Controlled_Study_Results\02_SDXL_Production\sdxl_merged_2080\S01732.png,png,6456
results\SDXL_Controlled_Study_Results\02_SDXL_Production\sdxl_merged_2080\S01733.png,png,7974
results\SDXL_Controlled_Study_Results\02_SDXL_Production\sdxl_merged_2080\S01734.png,png,9647
results\SDXL_Controlled_Study_Results\02_SDXL_Production\sdxl_merged_2080\S01735.png,png,8872
results\SDXL_Controlled_Study_Results\02_SDXL_Production\sdxl_merged_2080\S01736.png,png,9413
results\SDXL_Controlled_Study_Results\02_SDXL_Production\sdxl_merged_2080\S01737.png,png,8227
results\SDXL_Controlled_Study_Results\02_SDXL_Production\sdxl_merged_2080\S01738.png,png,9878
results\SDXL_Controlled_Study_Results\02_SDXL_Production\sdxl_merged_2080\S01739.png,png,9653
results\SDXL_Controlled_Study_Results\02_SDXL_Production\sdxl_merged_2080\S01740.png,png,8460
results\SDXL_Controlled_Study_Results\02_SDXL_Production\sdxl_merged_2080\S01741.png,png,8961
results\SDXL_Controlled_Study_Results\02_SDXL_Production\sdxl_merged_2080\S01742.png,png,8812
results\SDXL_Controlled_Study_Results\02_SDXL_Production\sdxl_merged_2080\S01743.png,png,8090
results\SDXL_Controlled_Study_Results\02_SDXL_Production\sdxl_merged_2080\S01744.png,png,9047
results\SDXL_Controlled_Study_Results\02_SDXL_Production\sdxl_merged_2080\S01745.png,png,8856
results\SDXL_Controlled_Study_Results\02_SDXL_Production\sdxl_merged_2080\S01746.png,png,9021
results\SDXL_Controlled_Study_Results\02_SDXL_Production\sdxl_merged_2080\S01747.png,png,8282
results\SDXL_Controlled_Study_Results\02_SDXL_Production\sdxl_merged_2080\S01748.png,png,8045
results\SDXL_Controlled_Study_Results\02_SDXL_Production\sdxl_merged_2080\S01749.png,png,9919
results\SDXL_Controlled_Study_Results\02_SDXL_Production\sdxl_merged_2080\S01750.png,png,8962
results\SDXL_Controlled_Study_Results\02_SDXL_Production\sdxl_merged_2080\S01751.png,png,7319
results\SDXL_Controlled_Study_Results\02_SDXL_Production\sdxl_merged_2080\S01752.png,png,8937
results\SDXL_Controlled_Study_Results\02_SDXL_Production\sdxl_merged_2080\S01753.png,png,7978
results\SDXL_Controlled_Study_Results\02_SDXL_Production\sdxl_merged_2080\S01754.png,png,9818
results\SDXL_Controlled_Study_Results\02_SDXL_Production\sdxl_merged_2080\S01755.png,png,8624
results\SDXL_Controlled_Study_Results\02_SDXL_Production\sdxl_merged_2080\S01756.png,png,10283
results\SDXL_Controlled_Study_Results\02_SDXL_Production\sdxl_merged_2080\S01757.png,png,9335
results\SDXL_Controlled_Study_Results\02_SDXL_Production\sdxl_merged_2080\S01758.png,png,8056
results\SDXL_Controlled_Study_Results\02_SDXL_Production\sdxl_merged_2080\S01759.png,png,9438
results\SDXL_Controlled_Study_Results\02_SDXL_Production\sdxl_merged_2080\S01760.png,png,9675
results\SDXL_Controlled_Study_Results\02_SDXL_Production\sdxl_merged_2080\S01761.png,png,7824
results\SDXL_Controlled_Study_Results\02_SDXL_Production\sdxl_merged_2080\S01762.png,png,7015
results\SDXL_Controlled_Study_Results\02_SDXL_Production\sdxl_merged_2080\S01763.png,png,7017
results\SDXL_Controlled_Study_Results\02_SDXL_Production\sdxl_merged_2080\S01764.png,png,8422
results\SDXL_Controlled_Study_Results\02_SDXL_Production\sdxl_merged_2080\S01765.png,png,9319
results\SDXL_Controlled_Study_Results\02_SDXL_Production\sdxl_merged_2080\S01766.png,png,10144
results\SDXL_Controlled_Study_Results\02_SDXL_Production\sdxl_merged_2080\S01767.png,png,7545
results\SDXL_Controlled_Study_Results\02_SDXL_Production\sdxl_merged_2080\S01768.png,png,8079
results\SDXL_Controlled_Study_Results\02_SDXL_Production\sdxl_merged_2080\S01769.png,png,8606
results\SDXL_Controlled_Study_Results\02_SDXL_Production\sdxl_merged_2080\S01770.png,png,7202
results\SDXL_Controlled_Study_Results\02_SDXL_Production\sdxl_merged_2080\S01771.png,png,9335
results\SDXL_Controlled_Study_Results\02_SDXL_Production\sdxl_merged_2080\S01772.png,png,8679
results\SDXL_Controlled_Study_Results\02_SDXL_Production\sdxl_merged_2080\S01773.png,png,8638
results\SDXL_Controlled_Study_Results\02_SDXL_Production\sdxl_merged_2080\S01774.png,png,9055
results\SDXL_Controlled_Study_Results\02_SDXL_Production\sdxl_merged_2080\S01775.png,png,8586
results\SDXL_Controlled_Study_Results\02_SDXL_Production\sdxl_merged_2080\S01776.png,png,9378
results\SDXL_Controlled_Study_Results\02_SDXL_Production\sdxl_merged_2080\S01777.png,png,8459
results\SDXL_Controlled_Study_Results\02_SDXL_Production\sdxl_merged_2080\S01778.png,png,8248
results\SDXL_Controlled_Study_Results\02_SDXL_Production\sdxl_merged_2080\S01779.png,png,7928
results\SDXL_Controlled_Study_Results\02_SDXL_Production\sdxl_merged_2080\S01780.png,png,7085
results\SDXL_Controlled_Study_Results\02_SDXL_Production\sdxl_merged_2080\S01781.png,png,8592
results\SDXL_Controlled_Study_Results\02_SDXL_Production\sdxl_merged_2080\S01782.png,png,9581
results\SDXL_Controlled_Study_Results\02_SDXL_Production\sdxl_merged_2080\S01783.png,png,9407
results\SDXL_Controlled_Study_Results\02_SDXL_Production\sdxl_merged_2080\S01784.png,png,10055
results\SDXL_Controlled_Study_Results\02_SDXL_Production\sdxl_merged_2080\S01785.png,png,7713
results\SDXL_Controlled_Study_Results\02_SDXL_Production\sdxl_merged_2080\S01786.png,png,9158
results\SDXL_Controlled_Study_Results\02_SDXL_Production\sdxl_merged_2080\S01787.png,png,9327
results\SDXL_Controlled_Study_Results\02_SDXL_Production\sdxl_merged_2080\S01788.png,png,8247
results\SDXL_Controlled_Study_Results\02_SDXL_Production\sdxl_merged_2080\S01789.png,png,8767
results\SDXL_Controlled_Study_Results\02_SDXL_Production\sdxl_merged_2080\S01790.png,png,8573
results\SDXL_Controlled_Study_Results\02_SDXL_Production\sdxl_merged_2080\S01791.png,png,8889
results\SDXL_Controlled_Study_Results\02_SDXL_Production\sdxl_merged_2080\S01792.png,png,9819
results\SDXL_Controlled_Study_Results\02_SDXL_Production\sdxl_merged_2080\S01793.png,png,9236
results\SDXL_Controlled_Study_Results\02_SDXL_Production\sdxl_merged_2080\S01794.png,png,8421
results\SDXL_Controlled_Study_Results\02_SDXL_Production\sdxl_merged_2080\S01795.png,png,6669
results\SDXL_Controlled_Study_Results\02_SDXL_Production\sdxl_merged_2080\S01796.png,png,7808
results\SDXL_Controlled_Study_Results\02_SDXL_Production\sdxl_merged_2080\S01797.png,png,9293
results\SDXL_Controlled_Study_Results\02_SDXL_Production\sdxl_merged_2080\S01798.png,png,9630
results\SDXL_Controlled_Study_Results\02_SDXL_Production\sdxl_merged_2080\S01799.png,png,8480
results\SDXL_Controlled_Study_Results\02_SDXL_Production\sdxl_merged_2080\S01800.png,png,8791
results\SDXL_Controlled_Study_Results\02_SDXL_Production\sdxl_merged_2080\S01801.png,png,8201
results\SDXL_Controlled_Study_Results\02_SDXL_Production\sdxl_merged_2080\S01803.png,png,9983
results\SDXL_Controlled_Study_Results\02_SDXL_Production\sdxl_merged_2080\S01804.png,png,9117
results\SDXL_Controlled_Study_Results\02_SDXL_Production\sdxl_merged_2080\S01805.png,png,10504
results\SDXL_Controlled_Study_Results\02_SDXL_Production\sdxl_merged_2080\S01806.png,png,8403
results\SDXL_Controlled_Study_Results\02_SDXL_Production\sdxl_merged_2080\S01807.png,png,9416
results\SDXL_Controlled_Study_Results\02_SDXL_Production\sdxl_merged_2080\S01808.png,png,9596
results\SDXL_Controlled_Study_Results\02_SDXL_Production\sdxl_merged_2080\S01809.png,png,9266
results\SDXL_Controlled_Study_Results\02_SDXL_Production\sdxl_merged_2080\S01810.png,png,8944
results\SDXL_Controlled_Study_Results\02_SDXL_Production\sdxl_merged_2080\S01811.png,png,7108
results\SDXL_Controlled_Study_Results\02_SDXL_Production\sdxl_merged_2080\S01812.png,png,6753
results\SDXL_Controlled_Study_Results\02_SDXL_Production\sdxl_merged_2080\S01813.png,png,9797
results\SDXL_Controlled_Study_Results\02_SDXL_Production\sdxl_merged_2080\S01814.png,png,9310
results\SDXL_Controlled_Study_Results\02_SDXL_Production\sdxl_merged_2080\S01815.png,png,8334
results\SDXL_Controlled_Study_Results\02_SDXL_Production\sdxl_merged_2080\S01816.png,png,8611
results\SDXL_Controlled_Study_Results\02_SDXL_Production\sdxl_merged_2080\S01817.png,png,8690
results\SDXL_Controlled_Study_Results\02_SDXL_Production\sdxl_merged_2080\S01818.png,png,8586
results\SDXL_Controlled_Study_Results\02_SDXL_Production\sdxl_merged_2080\S01819.png,png,9657
results\SDXL_Controlled_Study_Results\02_SDXL_Production\sdxl_merged_2080\S01820.png,png,9590
results\SDXL_Controlled_Study_Results\02_SDXL_Production\sdxl_merged_2080\S01821.png,png,9851
results\SDXL_Controlled_Study_Results\02_SDXL_Production\sdxl_merged_2080\S01822.png,png,8470
results\SDXL_Controlled_Study_Results\02_SDXL_Production\sdxl_merged_2080\S01823.png,png,8329
results\SDXL_Controlled_Study_Results\02_SDXL_Production\sdxl_merged_2080\S01824.png,png,8368
results\SDXL_Controlled_Study_Results\02_SDXL_Production\sdxl_merged_2080\S01825.png,png,6434
results\SDXL_Controlled_Study_Results\02_SDXL_Production\sdxl_merged_2080\S01826.png,png,8567
results\SDXL_Controlled_Study_Results\02_SDXL_Production\sdxl_merged_2080\S01827.png,png,7334
results\SDXL_Controlled_Study_Results\02_SDXL_Production\sdxl_merged_2080\S01828.png,png,7959
results\SDXL_Controlled_Study_Results\02_SDXL_Production\sdxl_merged_2080\S01829.png,png,10359
results\SDXL_Controlled_Study_Results\02_SDXL_Production\sdxl_merged_2080\S01830.png,png,9833
results\SDXL_Controlled_Study_Results\02_SDXL_Production\sdxl_merged_2080\S01831.png,png,9186
results\SDXL_Controlled_Study_Results\02_SDXL_Production\sdxl_merged_2080\S01832.png,png,8968
results\SDXL_Controlled_Study_Results\02_SDXL_Production\sdxl_merged_2080\S01833.png,png,8563
results\SDXL_Controlled_Study_Results\02_SDXL_Production\sdxl_merged_2080\S01834.png,png,9683
results\SDXL_Controlled_Study_Results\02_SDXL_Production\sdxl_merged_2080\S01835.png,png,9406
results\SDXL_Controlled_Study_Results\02_SDXL_Production\sdxl_merged_2080\S01836.png,png,8095
results\SDXL_Controlled_Study_Results\02_SDXL_Production\sdxl_merged_2080\S01837.png,png,9130
results\SDXL_Controlled_Study_Results\02_SDXL_Production\sdxl_merged_2080\S01838.png,png,9021
results\SDXL_Controlled_Study_Results\02_SDXL_Production\sdxl_merged_2080\S01839.png,png,9442
results\SDXL_Controlled_Study_Results\02_SDXL_Production\sdxl_merged_2080\S01840.png,png,8772
results\SDXL_Controlled_Study_Results\02_SDXL_Production\sdxl_merged_2080\S01841.png,png,8115
results\SDXL_Controlled_Study_Results\02_SDXL_Production\sdxl_merged_2080\S01842.png,png,6456
results\SDXL_Controlled_Study_Results\02_SDXL_Production\sdxl_merged_2080\S01843.png,png,8162
results\SDXL_Controlled_Study_Results\02_SDXL_Production\sdxl_merged_2080\S01844.png,png,8256
results\SDXL_Controlled_Study_Results\02_SDXL_Production\sdxl_merged_2080\S01845.png,png,9235
results\SDXL_Controlled_Study_Results\02_SDXL_Production\sdxl_merged_2080\S01846.png,png,8569
results\SDXL_Controlled_Study_Results\02_SDXL_Production\sdxl_merged_2080\S01847.png,png,8356
results\SDXL_Controlled_Study_Results\02_SDXL_Production\sdxl_merged_2080\S01848.png,png,9321
results\SDXL_Controlled_Study_Results\02_SDXL_Production\sdxl_merged_2080\S01849.png,png,7782
results\SDXL_Controlled_Study_Results\02_SDXL_Production\sdxl_merged_2080\S01850.png,png,10154
results\SDXL_Controlled_Study_Results\02_SDXL_Production\sdxl_merged_2080\S01851.png,png,10126
results\SDXL_Controlled_Study_Results\02_SDXL_Production\sdxl_merged_2080\S01852.png,png,9530
results\SDXL_Controlled_Study_Results\02_SDXL_Production\sdxl_merged_2080\S01853.png,png,9613
results\SDXL_Controlled_Study_Results\02_SDXL_Production\sdxl_merged_2080\S01854.png,png,8274
results\SDXL_Controlled_Study_Results\02_SDXL_Production\sdxl_merged_2080\S01855.png,png,8860
results\SDXL_Controlled_Study_Results\02_SDXL_Production\sdxl_merged_2080\S01856.png,png,8236
results\SDXL_Controlled_Study_Results\02_SDXL_Production\sdxl_merged_2080\S01857.png,png,7405
results\SDXL_Controlled_Study_Results\02_SDXL_Production\sdxl_merged_2080\S01858.png,png,8967
results\SDXL_Controlled_Study_Results\02_SDXL_Production\sdxl_merged_2080\S01859.png,png,8579
results\SDXL_Controlled_Study_Results\02_SDXL_Production\sdxl_merged_2080\S01860.png,png,4902
results\SDXL_Controlled_Study_Results\02_SDXL_Production\sdxl_merged_2080\S01861.png,png,9066
results\SDXL_Controlled_Study_Results\02_SDXL_Production\sdxl_merged_2080\S01862.png,png,7560
results\SDXL_Controlled_Study_Results\02_SDXL_Production\sdxl_merged_2080\S01863.png,png,8508
results\SDXL_Controlled_Study_Results\02_SDXL_Production\sdxl_merged_2080\S01864.png,png,8620
results\SDXL_Controlled_Study_Results\02_SDXL_Production\sdxl_merged_2080\S01865.png,png,8410
results\SDXL_Controlled_Study_Results\02_SDXL_Production\sdxl_merged_2080\S01866.png,png,9441
results\SDXL_Controlled_Study_Results\02_SDXL_Production\sdxl_merged_2080\S01867.png,png,9830
results\SDXL_Controlled_Study_Results\02_SDXL_Production\sdxl_merged_2080\S01869.png,png,10001
results\SDXL_Controlled_Study_Results\02_SDXL_Production\sdxl_merged_2080\S01870.png,png,7950
results\SDXL_Controlled_Study_Results\02_SDXL_Production\sdxl_merged_2080\S01871.png,png,9358
results\SDXL_Controlled_Study_Results\02_SDXL_Production\sdxl_merged_2080\S01872.png,png,9327
results\SDXL_Controlled_Study_Results\02_SDXL_Production\sdxl_merged_2080\S01873.png,png,7755
results\SDXL_Controlled_Study_Results\02_SDXL_Production\sdxl_merged_2080\S01874.png,png,9927
results\SDXL_Controlled_Study_Results\02_SDXL_Production\sdxl_merged_2080\S01875.png,png,7479
results\SDXL_Controlled_Study_Results\02_SDXL_Production\sdxl_merged_2080\S01876.png,png,8418
results\SDXL_Controlled_Study_Results\02_SDXL_Production\sdxl_merged_2080\S01877.png,png,8884
results\SDXL_Controlled_Study_Results\02_SDXL_Production\sdxl_merged_2080\S01878.png,png,9121
results\SDXL_Controlled_Study_Results\02_SDXL_Production\sdxl_merged_2080\S01879.png,png,9123
results\SDXL_Controlled_Study_Results\02_SDXL_Production\sdxl_merged_2080\S01880.png,png,9437
results\SDXL_Controlled_Study_Results\02_SDXL_Production\sdxl_merged_2080\S01881.png,png,8920
results\SDXL_Controlled_Study_Results\02_SDXL_Production\sdxl_merged_2080\S01882.png,png,9068
results\SDXL_Controlled_Study_Results\02_SDXL_Production\sdxl_merged_2080\S01883.png,png,9837
results\SDXL_Controlled_Study_Results\02_SDXL_Production\sdxl_merged_2080\S01884.png,png,9021
results\SDXL_Controlled_Study_Results\02_SDXL_Production\sdxl_merged_2080\S01885.png,png,9054
results\SDXL_Controlled_Study_Results\02_SDXL_Production\sdxl_merged_2080\S01886.png,png,9320
results\SDXL_Controlled_Study_Results\02_SDXL_Production\sdxl_merged_2080\S01887.png,png,9128
results\SDXL_Controlled_Study_Results\02_SDXL_Production\sdxl_merged_2080\S01888.png,png,10019
results\SDXL_Controlled_Study_Results\02_SDXL_Production\sdxl_merged_2080\S01889.png,png,9077
results\SDXL_Controlled_Study_Results\02_SDXL_Production\sdxl_merged_2080\S01890.png,png,8977
results\SDXL_Controlled_Study_Results\02_SDXL_Production\sdxl_merged_2080\S01891.png,png,7868
results\SDXL_Controlled_Study_Results\02_SDXL_Production\sdxl_merged_2080\S01892.png,png,6276
results\SDXL_Controlled_Study_Results\02_SDXL_Production\sdxl_merged_2080\S01893.png,png,8071
results\SDXL_Controlled_Study_Results\02_SDXL_Production\sdxl_merged_2080\S01894.png,png,8520
results\SDXL_Controlled_Study_Results\02_SDXL_Production\sdxl_merged_2080\S01895.png,png,7853
results\SDXL_Controlled_Study_Results\02_SDXL_Production\sdxl_merged_2080\S01896.png,png,8398
results\SDXL_Controlled_Study_Results\02_SDXL_Production\sdxl_merged_2080\S01897.png,png,9182
results\SDXL_Controlled_Study_Results\02_SDXL_Production\sdxl_merged_2080\S01898.png,png,9258
results\SDXL_Controlled_Study_Results\02_SDXL_Production\sdxl_merged_2080\S01899.png,png,8383
results\SDXL_Controlled_Study_Results\02_SDXL_Production\sdxl_merged_2080\S01900.png,png,8157
results\SDXL_Controlled_Study_Results\02_SDXL_Production\sdxl_merged_2080\S01901.png,png,7998
results\SDXL_Controlled_Study_Results\02_SDXL_Production\sdxl_merged_2080\S01902.png,png,7694
results\SDXL_Controlled_Study_Results\02_SDXL_Production\sdxl_merged_2080\S01903.png,png,7778
results\SDXL_Controlled_Study_Results\02_SDXL_Production\sdxl_merged_2080\S01904.png,png,9020
results\SDXL_Controlled_Study_Results\02_SDXL_Production\sdxl_merged_2080\S01905.png,png,8176
results\SDXL_Controlled_Study_Results\02_SDXL_Production\sdxl_merged_2080\S01906.png,png,6838
results\SDXL_Controlled_Study_Results\02_SDXL_Production\sdxl_merged_2080\S01907.png,png,6828
results\SDXL_Controlled_Study_Results\02_SDXL_Production\sdxl_merged_2080\S01909.png,png,9202
results\SDXL_Controlled_Study_Results\02_SDXL_Production\sdxl_merged_2080\S01910.png,png,8838
results\SDXL_Controlled_Study_Results\02_SDXL_Production\sdxl_merged_2080\S01911.png,png,8170
results\SDXL_Controlled_Study_Results\02_SDXL_Production\sdxl_merged_2080\S01912.png,png,9766
results\SDXL_Controlled_Study_Results\02_SDXL_Production\sdxl_merged_2080\S01913.png,png,5204
results\SDXL_Controlled_Study_Results\02_SDXL_Production\sdxl_merged_2080\S01914.png,png,9495
results\SDXL_Controlled_Study_Results\02_SDXL_Production\sdxl_merged_2080\S01915.png,png,8881
results\SDXL_Controlled_Study_Results\02_SDXL_Production\sdxl_merged_2080\S01916.png,png,8888
results\SDXL_Controlled_Study_Results\02_SDXL_Production\sdxl_merged_2080\S01917.png,png,10132
results\SDXL_Controlled_Study_Results\02_SDXL_Production\sdxl_merged_2080\S01918.png,png,10097
results\SDXL_Controlled_Study_Results\02_SDXL_Production\sdxl_merged_2080\S01919.png,png,8595
results\SDXL_Controlled_Study_Results\02_SDXL_Production\sdxl_merged_2080\S01920.png,png,8976
results\SDXL_Controlled_Study_Results\02_SDXL_Production\sdxl_merged_2080\S01921.png,png,8896
results\SDXL_Controlled_Study_Results\02_SDXL_Production\sdxl_merged_2080\S01922.png,png,8085
results\SDXL_Controlled_Study_Results\02_SDXL_Production\sdxl_merged_2080\S01923.png,png,7318
results\SDXL_Controlled_Study_Results\02_SDXL_Production\sdxl_merged_2080\S01924.png,png,7327
results\SDXL_Controlled_Study_Results\02_SDXL_Production\sdxl_merged_2080\S01925.png,png,9110
results\SDXL_Controlled_Study_Results\02_SDXL_Production\sdxl_merged_2080\S01926.png,png,9097
results\SDXL_Controlled_Study_Results\02_SDXL_Production\sdxl_merged_2080\S01927.png,png,7816
results\SDXL_Controlled_Study_Results\02_SDXL_Production\sdxl_merged_2080\S01928.png,png,8483
results\SDXL_Controlled_Study_Results\02_SDXL_Production\sdxl_merged_2080\S01929.png,png,8896
results\SDXL_Controlled_Study_Results\02_SDXL_Production\sdxl_merged_2080\S01930.png,png,8931
results\SDXL_Controlled_Study_Results\02_SDXL_Production\sdxl_merged_2080\S01931.png,png,9463
results\SDXL_Controlled_Study_Results\02_SDXL_Production\sdxl_merged_2080\S01932.png,png,8790
results\SDXL_Controlled_Study_Results\02_SDXL_Production\sdxl_merged_2080\S01933.png,png,9536
results\SDXL_Controlled_Study_Results\02_SDXL_Production\sdxl_merged_2080\S01934.png,png,8384
results\SDXL_Controlled_Study_Results\02_SDXL_Production\sdxl_merged_2080\S01935.png,png,9054
results\SDXL_Controlled_Study_Results\02_SDXL_Production\sdxl_merged_2080\S01936.png,png,8885
results\SDXL_Controlled_Study_Results\02_SDXL_Production\sdxl_merged_2080\S01937.png,png,9291
results\SDXL_Controlled_Study_Results\02_SDXL_Production\sdxl_merged_2080\S01938.png,png,8174
results\SDXL_Controlled_Study_Results\02_SDXL_Production\sdxl_merged_2080\S01939.png,png,7081
results\SDXL_Controlled_Study_Results\02_SDXL_Production\sdxl_merged_2080\S01940.png,png,8624
results\SDXL_Controlled_Study_Results\02_SDXL_Production\sdxl_merged_2080\S01941.png,png,9254
results\SDXL_Controlled_Study_Results\02_SDXL_Production\sdxl_merged_2080\S01942.png,png,9333
results\SDXL_Controlled_Study_Results\02_SDXL_Production\sdxl_merged_2080\S01943.png,png,9032
results\SDXL_Controlled_Study_Results\02_SDXL_Production\sdxl_merged_2080\S01944.png,png,8841
results\SDXL_Controlled_Study_Results\02_SDXL_Production\sdxl_merged_2080\S01945.png,png,9264
results\SDXL_Controlled_Study_Results\02_SDXL_Production\sdxl_merged_2080\S01946.png,png,9425
results\SDXL_Controlled_Study_Results\02_SDXL_Production\sdxl_merged_2080\S01947.png,png,9882
results\SDXL_Controlled_Study_Results\02_SDXL_Production\sdxl_merged_2080\S01948.png,png,9088
results\SDXL_Controlled_Study_Results\02_SDXL_Production\sdxl_merged_2080\S01949.png,png,9595
results\SDXL_Controlled_Study_Results\02_SDXL_Production\sdxl_merged_2080\S01950.png,png,9372
results\SDXL_Controlled_Study_Results\02_SDXL_Production\sdxl_merged_2080\S01951.png,png,9013
results\SDXL_Controlled_Study_Results\02_SDXL_Production\sdxl_merged_2080\S01952.png,png,7500
results\SDXL_Controlled_Study_Results\02_SDXL_Production\sdxl_merged_2080\S01953.png,png,8383
results\SDXL_Controlled_Study_Results\02_SDXL_Production\sdxl_merged_2080\S01954.png,png,8748
results\SDXL_Controlled_Study_Results\02_SDXL_Production\sdxl_merged_2080\S01955.png,png,8063
results\SDXL_Controlled_Study_Results\02_SDXL_Production\sdxl_merged_2080\S01956.png,png,6450
results\SDXL_Controlled_Study_Results\02_SDXL_Production\sdxl_merged_2080\S01957.png,png,8925
results\SDXL_Controlled_Study_Results\02_SDXL_Production\sdxl_merged_2080\S01958.png,png,7599
results\SDXL_Controlled_Study_Results\02_SDXL_Production\sdxl_merged_2080\S01959.png,png,9917
results\SDXL_Controlled_Study_Results\02_SDXL_Production\sdxl_merged_2080\S01960.png,png,9610
results\SDXL_Controlled_Study_Results\02_SDXL_Production\sdxl_merged_2080\S01961.png,png,6886
results\SDXL_Controlled_Study_Results\02_SDXL_Production\sdxl_merged_2080\S01962.png,png,9646
results\SDXL_Controlled_Study_Results\02_SDXL_Production\sdxl_merged_2080\S01963.png,png,9925
results\SDXL_Controlled_Study_Results\02_SDXL_Production\sdxl_merged_2080\S01964.png,png,7347
results\SDXL_Controlled_Study_Results\02_SDXL_Production\sdxl_merged_2080\S01965.png,png,9744
results\SDXL_Controlled_Study_Results\02_SDXL_Production\sdxl_merged_2080\S01966.png,png,8806
results\SDXL_Controlled_Study_Results\02_SDXL_Production\sdxl_merged_2080\S01967.png,png,9983
results\SDXL_Controlled_Study_Results\02_SDXL_Production\sdxl_merged_2080\S01968.png,png,9725
results\SDXL_Controlled_Study_Results\02_SDXL_Production\sdxl_merged_2080\S01969.png,png,9353
results\SDXL_Controlled_Study_Results\02_SDXL_Production\sdxl_merged_2080\S01970.png,png,7018
results\SDXL_Controlled_Study_Results\02_SDXL_Production\sdxl_merged_2080\S01971.png,png,8311
results\SDXL_Controlled_Study_Results\02_SDXL_Production\sdxl_merged_2080\S01972.png,png,7943
results\SDXL_Controlled_Study_Results\02_SDXL_Production\sdxl_merged_2080\S01973.png,png,9387
results\SDXL_Controlled_Study_Results\02_SDXL_Production\sdxl_merged_2080\S01974.png,png,10455
results\SDXL_Controlled_Study_Results\02_SDXL_Production\sdxl_merged_2080\S01975.png,png,6777
results\SDXL_Controlled_Study_Results\02_SDXL_Production\sdxl_merged_2080\S01976.png,png,9335
results\SDXL_Controlled_Study_Results\02_SDXL_Production\sdxl_merged_2080\S01977.png,png,7058
results\SDXL_Controlled_Study_Results\02_SDXL_Production\sdxl_merged_2080\S01978.png,png,9270
results\SDXL_Controlled_Study_Results\02_SDXL_Production\sdxl_merged_2080\S01979.png,png,8877
results\SDXL_Controlled_Study_Results\02_SDXL_Production\sdxl_merged_2080\S01980.png,png,8138
results\SDXL_Controlled_Study_Results\02_SDXL_Production\sdxl_merged_2080\S01981.png,png,9091
results\SDXL_Controlled_Study_Results\02_SDXL_Production\sdxl_merged_2080\S01982.png,png,7796
results\SDXL_Controlled_Study_Results\02_SDXL_Production\sdxl_merged_2080\S01983.png,png,8986
results\SDXL_Controlled_Study_Results\02_SDXL_Production\sdxl_merged_2080\S01984.png,png,8498
results\SDXL_Controlled_Study_Results\02_SDXL_Production\sdxl_merged_2080\S01985.png,png,6685
results\SDXL_Controlled_Study_Results\02_SDXL_Production\sdxl_merged_2080\S01986.png,png,8145
results\SDXL_Controlled_Study_Results\02_SDXL_Production\sdxl_merged_2080\S01987.png,png,8770
results\SDXL_Controlled_Study_Results\02_SDXL_Production\sdxl_merged_2080\S01988.png,png,8849
results\SDXL_Controlled_Study_Results\02_SDXL_Production\sdxl_merged_2080\S01989.png,png,7901
results\SDXL_Controlled_Study_Results\02_SDXL_Production\sdxl_merged_2080\S01990.png,png,7077
results\SDXL_Controlled_Study_Results\02_SDXL_Production\sdxl_merged_2080\S01991.png,png,7493
results\SDXL_Controlled_Study_Results\02_SDXL_Production\sdxl_merged_2080\S01992.png,png,8437
results\SDXL_Controlled_Study_Results\02_SDXL_Production\sdxl_merged_2080\S01993.png,png,9123
results\SDXL_Controlled_Study_Results\02_SDXL_Production\sdxl_merged_2080\S01994.png,png,8110
results\SDXL_Controlled_Study_Results\02_SDXL_Production\sdxl_merged_2080\S01995.png,png,10165
results\SDXL_Controlled_Study_Results\02_SDXL_Production\sdxl_merged_2080\S01996.png,png,6891
results\SDXL_Controlled_Study_Results\02_SDXL_Production\sdxl_merged_2080\S01997.png,png,9021
results\SDXL_Controlled_Study_Results\02_SDXL_Production\sdxl_merged_2080\S01998.png,png,7589
results\SDXL_Controlled_Study_Results\02_SDXL_Production\sdxl_merged_2080\S01999.png,png,8870
results\SDXL_Controlled_Study_Results\02_SDXL_Production\sdxl_merged_2080\S02000.png,png,9100
results\SDXL_Controlled_Study_Results\02_SDXL_Production\sdxl_merged_2080\S02001.png,png,8557
results\SDXL_Controlled_Study_Results\02_SDXL_Production\sdxl_merged_2080\S02002.png,png,7911
results\SDXL_Controlled_Study_Results\02_SDXL_Production\sdxl_merged_2080\S02003.png,png,7866
results\SDXL_Controlled_Study_Results\02_SDXL_Production\sdxl_merged_2080\S02004.png,png,7815
results\SDXL_Controlled_Study_Results\02_SDXL_Production\sdxl_merged_2080\S02005.png,png,6351
results\SDXL_Controlled_Study_Results\02_SDXL_Production\sdxl_merged_2080\S02006.png,png,8050
results\SDXL_Controlled_Study_Results\02_SDXL_Production\sdxl_merged_2080\S02007.png,png,9485
results\SDXL_Controlled_Study_Results\02_SDXL_Production\sdxl_merged_2080\S02008.png,png,9303
results\SDXL_Controlled_Study_Results\02_SDXL_Production\sdxl_merged_2080\S02009.png,png,8609
results\SDXL_Controlled_Study_Results\02_SDXL_Production\sdxl_merged_2080\S02010.png,png,8376
results\SDXL_Controlled_Study_Results\02_SDXL_Production\sdxl_merged_2080\S02011.png,png,9526
results\SDXL_Controlled_Study_Results\02_SDXL_Production\sdxl_merged_2080\S02012.png,png,7940
results\SDXL_Controlled_Study_Results\02_SDXL_Production\sdxl_merged_2080\S02013.png,png,10070
results\SDXL_Controlled_Study_Results\02_SDXL_Production\sdxl_merged_2080\S02015.png,png,8901
results\SDXL_Controlled_Study_Results\02_SDXL_Production\sdxl_merged_2080\S02016.png,png,8914
results\SDXL_Controlled_Study_Results\02_SDXL_Production\sdxl_merged_2080\S02017.png,png,8628
results\SDXL_Controlled_Study_Results\02_SDXL_Production\sdxl_merged_2080\S02018.png,png,8842
results\SDXL_Controlled_Study_Results\02_SDXL_Production\sdxl_merged_2080\S02019.png,png,7590
results\SDXL_Controlled_Study_Results\02_SDXL_Production\sdxl_merged_2080\S02020.png,png,7263
results\SDXL_Controlled_Study_Results\02_SDXL_Production\sdxl_merged_2080\S02021.png,png,9132
results\SDXL_Controlled_Study_Results\02_SDXL_Production\sdxl_merged_2080\S02022.png,png,8692
results\SDXL_Controlled_Study_Results\02_SDXL_Production\sdxl_merged_2080\S02023.png,png,8107
results\SDXL_Controlled_Study_Results\02_SDXL_Production\sdxl_merged_2080\S02024.png,png,10033
results\SDXL_Controlled_Study_Results\02_SDXL_Production\sdxl_merged_2080\S02025.png,png,8162
results\SDXL_Controlled_Study_Results\02_SDXL_Production\sdxl_merged_2080\S02026.png,png,10275
results\SDXL_Controlled_Study_Results\02_SDXL_Production\sdxl_merged_2080\S02027.png,png,9760
results\SDXL_Controlled_Study_Results\02_SDXL_Production\sdxl_merged_2080\S02028.png,png,8625
results\SDXL_Controlled_Study_Results\02_SDXL_Production\sdxl_merged_2080\S02029.png,png,9221
results\SDXL_Controlled_Study_Results\02_SDXL_Production\sdxl_merged_2080\S02030.png,png,8786
results\SDXL_Controlled_Study_Results\02_SDXL_Production\sdxl_merged_2080\S02031.png,png,9420
results\SDXL_Controlled_Study_Results\02_SDXL_Production\sdxl_merged_2080\S02032.png,png,9521
results\SDXL_Controlled_Study_Results\02_SDXL_Production\sdxl_merged_2080\S02033.png,png,6735
results\SDXL_Controlled_Study_Results\02_SDXL_Production\sdxl_merged_2080\S02034.png,png,7177
results\SDXL_Controlled_Study_Results\02_SDXL_Production\sdxl_merged_2080\S02035.png,png,7955
results\SDXL_Controlled_Study_Results\02_SDXL_Production\sdxl_merged_2080\S02036.png,png,9821
results\SDXL_Controlled_Study_Results\02_SDXL_Production\sdxl_merged_2080\S02037.png,png,9682
results\SDXL_Controlled_Study_Results\02_SDXL_Production\sdxl_merged_2080\S02038.png,png,9168
results\SDXL_Controlled_Study_Results\02_SDXL_Production\sdxl_merged_2080\S02039.png,png,8367
results\SDXL_Controlled_Study_Results\02_SDXL_Production\sdxl_merged_2080\S02040.png,png,9354
results\SDXL_Controlled_Study_Results\02_SDXL_Production\sdxl_merged_2080\S02041.png,png,8340
results\SDXL_Controlled_Study_Results\02_SDXL_Production\sdxl_merged_2080\S02042.png,png,8784
results\SDXL_Controlled_Study_Results\02_SDXL_Production\sdxl_merged_2080\S02043.png,png,8700
results\SDXL_Controlled_Study_Results\02_SDXL_Production\sdxl_merged_2080\S02044.png,png,9844
results\SDXL_Controlled_Study_Results\02_SDXL_Production\sdxl_merged_2080\S02045.png,png,9432
results\SDXL_Controlled_Study_Results\02_SDXL_Production\sdxl_merged_2080\S02046.png,png,8283
results\SDXL_Controlled_Study_Results\02_SDXL_Production\sdxl_merged_2080\S02047.png,png,9198
results\SDXL_Controlled_Study_Results\02_SDXL_Production\sdxl_merged_2080\S02048.png,png,9412
results\SDXL_Controlled_Study_Results\02_SDXL_Production\sdxl_merged_2080\S02049.png,png,8907
results\SDXL_Controlled_Study_Results\02_SDXL_Production\sdxl_merged_2080\S02050.png,png,9259
results\SDXL_Controlled_Study_Results\02_SDXL_Production\sdxl_merged_2080\S02051.png,png,7854
results\SDXL_Controlled_Study_Results\02_SDXL_Production\sdxl_merged_2080\S02052.png,png,6551
results\SDXL_Controlled_Study_Results\02_SDXL_Production\sdxl_merged_2080\S02053.png,png,8567
results\SDXL_Controlled_Study_Results\02_SDXL_Production\sdxl_merged_2080\S02054.png,png,9048
results\SDXL_Controlled_Study_Results\02_SDXL_Production\sdxl_merged_2080\S02055.png,png,7010
results\SDXL_Controlled_Study_Results\02_SDXL_Production\sdxl_merged_2080\S02056.png,png,8235
results\SDXL_Controlled_Study_Results\02_SDXL_Production\sdxl_merged_2080\S02058.png,png,8329
results\SDXL_Controlled_Study_Results\02_SDXL_Production\sdxl_merged_2080\S02059.png,png,9578
results\SDXL_Controlled_Study_Results\02_SDXL_Production\sdxl_merged_2080\S02060.png,png,9651
results\SDXL_Controlled_Study_Results\02_SDXL_Production\sdxl_merged_2080\S02061.png,png,7991
results\SDXL_Controlled_Study_Results\02_SDXL_Production\sdxl_merged_2080\S02062.png,png,7172
results\SDXL_Controlled_Study_Results\02_SDXL_Production\sdxl_merged_2080\S02063.png,png,9845
results\SDXL_Controlled_Study_Results\02_SDXL_Production\sdxl_merged_2080\S02064.png,png,10224
results\SDXL_Controlled_Study_Results\02_SDXL_Production\sdxl_merged_2080\S02065.png,png,8304
results\SDXL_Controlled_Study_Results\02_SDXL_Production\sdxl_merged_2080\S02066.png,png,9301
results\SDXL_Controlled_Study_Results\02_SDXL_Production\sdxl_merged_2080\S02067.png,png,10035
results\SDXL_Controlled_Study_Results\02_SDXL_Production\sdxl_merged_2080\S02068.png,png,8322
results\SDXL_Controlled_Study_Results\02_SDXL_Production\sdxl_merged_2080\S02069.png,png,6067
results\SDXL_Controlled_Study_Results\02_SDXL_Production\sdxl_merged_2080\S02070.png,png,8681
results\SDXL_Controlled_Study_Results\02_SDXL_Production\sdxl_merged_2080\S02071.png,png,9159
results\SDXL_Controlled_Study_Results\02_SDXL_Production\sdxl_merged_2080\S02072.png,png,8638
results\SDXL_Controlled_Study_Results\02_SDXL_Production\sdxl_merged_2080\S02073.png,png,9313
results\SDXL_Controlled_Study_Results\02_SDXL_Production\sdxl_merged_2080\S02074.png,png,9533
results\SDXL_Controlled_Study_Results\02_SDXL_Production\sdxl_merged_2080\S02075.png,png,9676
results\SDXL_Controlled_Study_Results\02_SDXL_Production\sdxl_merged_2080\S02076.png,png,7801
results\SDXL_Controlled_Study_Results\02_SDXL_Production\sdxl_merged_2080\S02077.png,png,10185
results\SDXL_Controlled_Study_Results\02_SDXL_Production\sdxl_merged_2080\S02078.png,png,8304
results\SDXL_Controlled_Study_Results\02_SDXL_Production\sdxl_merged_2080\S02079.png,png,9576
results\SDXL_Controlled_Study_Results\02_SDXL_Production\sdxl_merged_2080\S02080.png,png,8668
results\SDXL_Controlled_Study_Results\02_SDXL_Production\sdxl_merged_2080.zip,zip,17998683
results\SDXL_Controlled_Study_Results\04_Ablation\FT_A0_4K_100E\baseline_reference.json,json,480
results\SDXL_Controlled_Study_Results\04_Ablation\FT_A0_4K_100E\epoch_100 (40).png,png,614452
results\SDXL_Controlled_Study_Results\04_Ablation\FT_A0_4K_100E\loss (54).csv,csv,12212
results\SDXL_Controlled_Study_Results\04_Ablation\FT_A0_4K_100E\metrics (54).json,json,717
results\SDXL_Controlled_Study_Results\04_Ablation\FT_A10_4K_100E\epoch_100 (41).png,png,612560
results\SDXL_Controlled_Study_Results\04_Ablation\FT_A10_4K_100E\loss (55).csv,csv,12176
results\SDXL_Controlled_Study_Results\04_Ablation\FT_A10_4K_100E\metrics (55).json,json,765
results\SDXL_Controlled_Study_Results\04_Ablation\FT_A20_4K_100E\epoch_100 (42).png,png,612301
results\SDXL_Controlled_Study_Results\04_Ablation\FT_A20_4K_100E\loss (56).csv,csv,12170
results\SDXL_Controlled_Study_Results\04_Ablation\FT_A20_4K_100E\metrics (56).json,json,765
results\SDXL_Controlled_Study_Results\04_Ablation\FT_A30_4K_100E\epoch_100 (44).png,png,610874
results\SDXL_Controlled_Study_Results\04_Ablation\FT_A30_4K_100E\loss (58).csv,csv,12128
results\SDXL_Controlled_Study_Results\04_Ablation\FT_A30_4K_100E\metrics (58).json,json,765
results\SDXL_Controlled_Study_Results\04_Ablation\FT_A50_4K_100E\epoch_100 (43).png,png,607995
results\SDXL_Controlled_Study_Results\04_Ablation\FT_A50_4K_100E\loss (57).csv,csv,12033
results\SDXL_Controlled_Study_Results\04_Ablation\FT_A50_4K_100E\metrics (57).json,json,765
results\SDXL_Controlled_Study_Results\05_Evaluation\generate_charts.py,py,18559
results\前期调优结果\exp1_epoch_050\epoch_050.png,png,645544
results\前期调优结果\exp1_epoch_050\loss.csv,csv,4019
results\前期调优结果\exp1_epoch_050\metrics.json,json,346
results\前期调优结果\exp1_epoch_100\epoch_050.png,png,645544
results\前期调优结果\exp1_epoch_100\epoch_100.png,png,644182
results\前期调优结果\exp1_epoch_100\loss.csv,csv,8028
results\前期调优结果\exp1_epoch_100\metrics.json,json,347
results\前期调优结果\exp1_epoch_200\epoch_050.png,png,645544
results\前期调优结果\exp1_epoch_200\epoch_100.png,png,644182
results\前期调优结果\exp1_epoch_200\epoch_150.png,png,645315
results\前期调优结果\exp1_epoch_200\epoch_200.png,png,641070
results\前期调优结果\exp1_epoch_200\loss.csv,csv,16182
results\前期调优结果\exp1_epoch_200\metrics.json,json,348
results\前期调优结果\exp1_epoch_300\epoch_050.png,png,645544
results\前期调优结果\exp1_epoch_300\epoch_200.png,png,641070
results\前期调优结果\exp1_epoch_300\epoch_250.png,png,640164
results\前期调优结果\exp1_epoch_300\epoch_300.png,png,643333
results\前期调优结果\exp1_epoch_300\loss.csv,csv,24379
results\前期调优结果\exp1_epoch_300\metrics.json,json,348
results\前期调优结果\exp2_a_flip\epoch_050.png,png,651950
results\前期调优结果\exp2_a_flip\epoch_100.png,png,650460
results\前期调优结果\exp2_a_flip\loss.csv,csv,8022
results\前期调优结果\exp2_a_flip\metrics.json,json,357
results\前期调优结果\exp2_blur\epoch_100.png,png,603789
results\前期调优结果\exp2_blur\loss.csv,csv,8010
results\前期调优结果\exp2_blur\metrics.json,json,346
results\前期调优结果\exp2_b_color\epoch_050.png,png,638114
results\前期调优结果\exp2_b_color\epoch_100.png,png,629991
results\前期调优结果\exp2_b_color\loss.csv,csv,8051
results\前期调优结果\exp2_b_color\metrics.json,json,359
results\前期调优结果\exp2_denoise\epoch_100.png,png,592340
results\前期调优结果\exp2_denoise\loss.csv,csv,8026
results\前期调优结果\exp2_denoise\metrics.json,json,353
results\前期调优结果\exp2_sharpen\epoch_100.png,png,642815
results\前期调优结果\exp2_sharpen\loss.csv,csv,8037
results\前期调优结果\exp2_sharpen\metrics.json,json,351
results\前期调优结果\exp3_c1_flip_color\epoch_100.png,png,636810
results\前期调优结果\exp3_c1_flip_color\loss.csv,csv,8022
results\前期调优结果\exp3_c1_flip_color\metrics.json,json,352
results\前期调优结果\exp3_c2_color_sharpen\epoch_100.png,png,633803
results\前期调优结果\exp3_c2_color_sharpen\loss.csv,csv,8041
results\前期调优结果\exp3_c2_color_sharpen\metrics.json,json,357
results\前期调优结果\exp3_c3_flip_sharpen\epoch_100.png,png,642650
results\前期调优结果\exp3_c3_flip_sharpen\loss.csv,csv,8010
results\前期调优结果\exp3_c3_flip_sharpen\metrics.json,json,357
results\前期调优结果\exp3_c4_flip_color_sharpen\epoch_100.png,png,632265
results\前期调优结果\exp3_c4_flip_color_sharpen\loss.csv,csv,8023
results\前期调优结果\exp3_c4_flip_color_sharpen\metrics.json,json,362
results\前期调优结果\gen_report_charts.py,py,8760
results\前期调优结果\可视化图表\exp1_report_fid.png,png,39936
results\前期调优结果\可视化图表\exp1_report_lap.png,png,43733
results\前期调优结果\可视化图表\exp1_report_loss.png,png,289988
results\前期调优结果\可视化图表\exp1_smooth_loss.png,png,447141
results\前期调优结果\可视化图表\exp23_report_diversity.png,png,92538
results\前期调优结果\可视化图表\exp23_report_fid.png,png,96668
results\前期调优结果\可视化图表\exp23_report_lap.png,png,94719
results\前期调优结果\可视化图表\exp23_report_loss.png,png,876011
results\前期调优结果\可视化图表\exp23_report_lpips.png,png,89385
results\前期调优结果\可视化图表\exp23_smooth_loss.png,png,907804
results\深度调优结果\00_baseline\epoch_200.png,png,648225
results\深度调优结果\00_baseline\metrics.json,json,352
results\深度调优结果\01_G_SENet_4layer\epoch_200.png,png,650437
results\深度调优结果\01_G_SENet_4layer\loss.csv,csv,16146
results\深度调优结果\01_G_SENet_4layer\metrics.json,json,513
results\深度调优结果\02_G_SENet_1layer\epoch_200.png,png,637762
results\深度调优结果\02_G_SENet_1layer\loss.csv,csv,16174
results\深度调优结果\02_G_SENet_1layer\metrics.json,json,526
results\深度调优结果\03_G_CBAM_4layer\epoch_200.png,png,639903
results\深度调优结果\03_G_CBAM_4layer\loss.csv,csv,16160
results\深度调优结果\03_G_CBAM_4layer\metrics.json,json,522
results\深度调优结果\04_G_CBAM_1layer\epoch_200.png,png,646035
results\深度调优结果\04_G_CBAM_1layer\loss.csv,csv,16156
results\深度调优结果\04_G_CBAM_1layer\metrics.json,json,518
results\深度调优结果\05_G_Wavelet\epoch_100.png,png,647558
results\深度调优结果\05_G_Wavelet\epoch_200.png,png,645290
results\深度调优结果\05_G_Wavelet\loss.csv,csv,23849
results\深度调优结果\05_G_Wavelet\metrics.json,json,532
results\深度调优结果\06_G_FFT\epoch_100.png,png,651809
results\深度调优结果\06_G_FFT\epoch_200.png,png,643732
results\深度调优结果\06_G_FFT\loss.csv,csv,24201
results\深度调优结果\06_G_FFT\metrics.json,json,515
results\深度调优结果\07_G_Canny\epoch_200.png,png,644576
results\深度调优结果\07_G_Canny\loss.csv,csv,23869
results\深度调优结果\07_G_Canny\metrics.json,json,242
results\深度调优结果\08_G_Laplacian\epoch_200.png,png,641324
results\深度调优结果\08_G_Laplacian\loss.csv,csv,24057
results\深度调优结果\08_G_Laplacian\metrics.json,json,518
results\深度调优结果\09_G_SENet1L_Wavelet_Laplacian\epoch_200.png,png,645700
results\深度调优结果\09_G_SENet1L_Wavelet_Laplacian\loss.csv,csv,27990
results\深度调优结果\09_G_SENet1L_Wavelet_Laplacian\metrics.json,json,728
results\深度调优结果\10_G_SENet1L_Laplacian\epoch_200.png,png,643756
results\深度调优结果\10_G_SENet1L_Laplacian\loss.csv,csv,24025
results\深度调优结果\10_G_SENet1L_Laplacian\metrics.json,json,703
results\深度调优结果\11_D_SN\epoch_200.png,png,634173
results\深度调优结果\11_D_SN\loss.csv,csv,16129
results\深度调优结果\11_D_SN\metrics.json,json,564
results\深度调优结果\12_D_Hinge\epoch_200.png,png,638170
results\深度调优结果\12_D_Hinge\loss.csv,csv,16143
results\深度调优结果\12_D_Hinge\metrics.json,json,450
results\深度调优结果\13_D_SN_Hinge\epoch_200.png,png,634444
results\深度调优结果\13_D_SN_Hinge\loss.csv,csv,16319
results\深度调优结果\13_D_SN_Hinge\metrics.json,json,472
results\深度调优结果\14_D_SN_Hinge_SA\epoch_200.png,png,646372
results\深度调优结果\14_D_SN_Hinge_SA\loss.csv,csv,16357
results\深度调优结果\14_D_SN_Hinge_SA\metrics.json,json,519
results\深度调优结果\15_D_SN_Hinge_G_SENet_1layer\epoch_200.png,png,635448
results\深度调优结果\15_D_SN_Hinge_G_SENet_1layer\loss.csv,csv,16335
results\深度调优结果\15_D_SN_Hinge_G_SENet_1layer\metrics.json,json,516
results\深度调优结果\16_D_SENet_SN_Hinge\epoch_200.png,png,634980
results\深度调优结果\16_D_SENet_SN_Hinge\loss.csv,csv,16387
results\深度调优结果\16_D_SENet_SN_Hinge\metrics.json,json,526
results\深度调优结果\17_D_FFT_SN_Hinge\epoch_200.png,png,636980
results\深度调优结果\17_D_FFT_SN_Hinge\loss.csv,csv,16387
results\深度调优结果\17_D_FFT_SN_Hinge\metrics.json,json,776
results\深度调优结果\18_G_SENet_D_SN_BCE\epoch_200.png,png,632402
results\深度调优结果\18_G_SENet_D_SN_BCE\loss.csv,csv,16114
results\深度调优结果\18_G_SENet_D_SN_BCE\metrics.json,json,705
results\深度调优结果\19_D_SN_Hinge_R1\epoch_200.png,png,640579
results\深度调优结果\19_D_SN_Hinge_R1\loss.csv,csv,16468
results\深度调优结果\19_D_SN_Hinge_R1\metrics.json,json,738
results\深度调优结果\深度调优图表\dgap_health.png,png,182843
results\深度调优结果\深度调优图表\d_track_fid.png,png,167936
results\深度调优结果\深度调优图表\fid_ranking.png,png,88989
results\深度调优结果\深度调优图表\fid_ranking_all.png,png,215455
results\深度调优结果\深度调优图表\g_track_fid.png,png,151968
results\深度调优结果\深度调优图表\g_track_loss_health.png,png,2901259
results\深度调优结果\深度调优图表\health_dashboard.png,png,117258
results\深度调优结果\深度调优图表\lapvar_ranking.png,png,92439
results\深度调优结果\深度调优图表\layer_comparison.png,png,51839
results\深度调优结果\深度调优图表\loss_bce_d.png,png,765310
results\深度调优结果\深度调优图表\loss_bce_dreal_dfake.png,png,681914
results\深度调优结果\深度调优图表\loss_bce_g.png,png,876332
results\深度调优结果\深度调优图表\loss_curves_bce.png,png,1130634
results\深度调优结果\深度调优图表\loss_curves_hinge.png,png,761975
results\深度调优结果\深度调优图表\loss_hinge_d.png,png,535134
results\深度调优结果\深度调优图表\loss_hinge_dreal_dfake.png,png,717528
results\深度调优结果\深度调优图表\loss_hinge_g.png,png,570161
results\深度调优结果\深度调优图表\loss_r1_penalty.png,png,122262
results\深度调优结果\深度调优图表\metric_diversity.png,png,215397
results\深度调优结果\深度调优图表\metric_laplacian_variance.png,png,226089
results\深度调优结果\深度调优图表\metric_lpips.png,png,201012
results\深度调优结果\深度调优图表\multi_metric_comparison.png,png,342965
results\深度调优结果\深度调优图表\radar_comparison.png,png,321775
